"year","trial_name","trial_type","plot_width","plot_length","plant_date","harvest_date","location","accession_name_syn","plot_name","rep_number","plot_number","row_number","col_number","check_test","notes","accession_name","check_released","latitude","longitude","altitude","department","country","ag_zone","location_short","branch_number","DM_gravity","height_1st_branch","yield_ha","shoot_weight_plot","root_weight_plot","frogskin1_5","vigor1_5","lodging1_3","root_number_commercial","root_weight_commercial","root_number_non_commercial","stake_plant","planted_number_plot","plant_type","height","height_wt_leaf","harvest_number","root_skin_color1_3","root_constriction1_3","root_type1_5","root_length1_3","root_number","root_weight_air","root_weight_water","root_rot_number","germinated_number_plot","root_peduncle1_3","root_shape1_6","thrips1_5","carotenoid1_8","harvest_number_plan","germination_perc","yield_ha_v2","DM_yield_ha","root_rot_perc"
2020,"202070CQPEA_boli","202070CQPEA_boli",4,5,"2020-October-19","2021-November-22","Bolivar",NA,"202070CQPEA_boli_rep1_GM214-62_2",1,2,2,1,"test"," (Operator: lizbethpino, Time: ), Ramificación baja (Operator: lizbethpino, Time: )","GM214-62","test",NA,NA,NA,NA,NA,NA,NA,2,41.2604655493482,57.6,74.92,27.1,37.46,1,5,1,76,35.74,NA,16,20,2,337.2,21,5,2,1,1,2,91,3110,425,0,20,1,2,1,1,5,100,74.92,30.9123407895717,0
2020,"202070CQPEA_boli","202070CQPEA_boli",4,5,"2020-October-19","2021-November-22","Bolivar",NA,"202070CQPEA_boli_rep1_GM3594-70_4",1,4,4,1,"test"," (Operator: lizbethpino, Time: ), Plantas altas de mucha ramificación extendida en el tercio medio (Operator: lizbethpino, Time: )","GM3594-70","test",NA,NA,NA,NA,NA,NA,NA,5,36.8647442680776,36.2,31.88,16.98,15.94,1,5,1,36,15.26,NA,13,20,3,394,26.8,5,2,1,4,3,44,3205,370,0,20,2,4,2,5,5,100,31.88,11.7524804726631,0
2020,"202070CQPEA_boli","202070CQPEA_boli",4,5,"2020-October-19","2021-November-22","Bolivar",NA,"202070CQPEA_boli_rep1_GM3650-51_6",1,6,5,2,"test","Muchas ramificación con alta retención de  hojas (Operator: lizbethpino, Time: ),  (Operator: lizbethpino, Time: )","GM3650-51","test",NA,NA,NA,NA,NA,NA,NA,5,33.8910622710623,112.25,50.52,30.7,25.26,1,5,1,35,22.34,NA,16,20,2,359.75,17.5,5,2,1,2,3,49,3035,305,0,18,2,2,1,6,5,90,50.52,17.1217646593407,0
2020,"202070CQPEA_boli","202070CQPEA_boli",4,5,"2020-October-19","2021-November-22","Bolivar",NA,"202070CQPEA_boli_rep1_GM3790-2_5",1,5,5,1,"test"," (Operator: lizbethpino, Time: ), Pocas raíces por planta, algunas cortas y otras largas (Operator: lizbethpino, Time: )","GM3790-2","test",NA,NA,NA,NA,NA,NA,NA,3,38.6980994671403,156.8,54.12,19.08,27.06,1,5,1,47,23.18,NA,14,20,1,326,20.6,5,2,1,2,2,71,3215,400,0,19,2,2,1,3,5,95,54.12,20.9434114316163,0
2020,"202070CQPEA_boli","202070CQPEA_boli",4,5,"2020-October-19","2021-November-22","Bolivar",NA,"202070CQPEA_boli_rep1_P13_7",1,7,4,2,"check"," (Operator: lizbethpino, Time: ), Plantas de porte bajo, ramificación baja y extendida (Operator: lizbethpino, Time: )","P13","test",NA,NA,NA,NA,NA,NA,NA,3,36.4194604316547,59.4,60.32,15.02,30.16,1,4,1,54,26.7,NA,10,20,4,264.8,45.2,5,3,1,2,2,81,3135,355,0,20,2,2,1,1,5,100,60.32,21.9682185323741,0
2020,"202070CQPEA_boli","202070CQPEA_boli",4,5,"2020-October-19","2021-November-22","Bolivar",NA,"202070CQPEA_boli_rep1_PER183_1",1,1,1,1,"test"," (Operator: lizbethpino, Time: ), Raíces muy gruesas, no comerciales (Operator: lizbethpino, Time: )","PER183","test",NA,NA,NA,NA,NA,NA,NA,4,33.3113553113553,77.8,69.16,26.46,34.58,1,3,1,45,33.4,NA,14,20,3,369.4,28.6,5,3,1,1,2,51,3025,295,0,19,2,3,1,1,5,95,69.16,23.0381333333333,0
2020,"202070CQPEA_boli","202070CQPEA_boli",4,5,"2020-October-19","2021-November-22","Bolivar",NA,"202070CQPEA_boli_rep1_SM1127-8_3",1,3,3,1,"test"," (Operator: lizbethpino, Time: ), Ramificación alta de porte erecto (Operator: lizbethpino, Time: )","SM1127-8_is_Cubana","check_released",NA,NA,NA,NA,NA,NA,NA,3,37.3287149917627,146,62.72,24.8,31.36,1,5,1,58,29.26,NA,11,20,1,323,16.6,5,1,1,2,2,81,3440,405,0,20,2,2,1,1,5,100,62.72,23.4125700428336,0
2020,"202070CQPEA_boli","202070CQPEA_boli",4,5,"2020-October-19","2021-November-22","Bolivar",NA,"202070CQPEA_boli_rep1_SM3106-14_10",1,10,1,2,"test"," (Operator: lizbethpino, Time: ), Tallos grusos, muy ramificada, ramificación baja, raíz de media a corta apta para el consumo. Tricotómica (Operator: lizbethpino, Time: )","SM3106-14","test",NA,NA,NA,NA,NA,NA,NA,2,40.2292242833052,83.2,62.36,31.56,31.18,2,5,1,52,28.64,NA,19,20,3,366.8,20.2,5,2,1,1,2,68,3415,450,0,20,2,2,2,1,5,100,62.36,25.0869442630691,0
2020,"202070CQPEA_boli","202070CQPEA_boli",4,5,"2020-October-19","2021-November-22","Bolivar",NA,"202070CQPEA_boli_rep1_SM3553-27_8",1,8,3,2,"test"," (Operator: lizbethpino, Time: ), Plantas altas de tallo grueso (Operator: lizbethpino, Time: )","SM3553-27","test",NA,NA,NA,NA,NA,NA,NA,1,40.7774368231047,256.6,41.32,33.4,20.66,1,4,1,35,17.32,NA,33,20,2,372.8,24.4,5,2,1,2,2,53,3200,430,0,20,3,2,1,1,5,100,41.32,16.8492368953069,0
2020,"202070CQPEA_boli","202070CQPEA_boli",4,5,"2020-October-19","2021-November-22","Bolivar",NA,"202070CQPEA_boli_rep1_SM3677-74_9",1,9,2,2,"test"," (Operator: lizbethpino, Time: ), Plantas muy ramificadas de tallo grueso (Operator: lizbethpino, Time: )","SM3677-74","test",NA,NA,NA,NA,NA,NA,NA,3,35.7039384116694,147.2,46.72,24.72,23.36,1,5,1,46,18.26,NA,16,20,1,353,34,5,2,1,3,3,81,3465,380,0,20,2,4,1,5,5,100,46.72,16.6808800259319,0
2020,"202070CQPEA_boli","202070CQPEA_boli",4,5,"2020-October-19","2021-November-22","Bolivar",NA,"202070CQPEA_boli_rep2_GM214-62_12",2,12,2,3,"test"," (Operator: lizbethpino, Time: ), Plantas de ramificación media a baja con raíces cortas de buen grosor (Operator: lizbethpino, Time: )","GM214-62","test",NA,NA,NA,NA,NA,NA,NA,2,41.1212962962963,113.8,51.28,32.74,25.64,1,5,1,44,21.24,NA,9,20,2,339.4,12.8,5,2,1,2,1,68,3125,425,0,20,2,2,2,1,5,100,51.28,21.0870007407407,0
2020,"202070CQPEA_boli","202070CQPEA_boli",4,5,"2020-October-19","2021-November-22","Bolivar",NA,"202070CQPEA_boli_rep2_GM3594-70_16",2,16,5,4,"test"," (Operator: lizbethpino, Time: ), Raíces mayor a 30cm, alargadas y fusiformes en su mayoría (Operator: lizbethpino, Time: )","GM3594-70","test",NA,NA,NA,NA,NA,NA,NA,4,33.1664285714286,73.6666666666667,13.88,6.98,6.94,1,5,1,11,6.46,NA,5,20,4,369,29,3,3,1,3,3,13,2945,285,0,18,2,2,1,5,5,90,13.88,4.60350028571429,0
2020,"202070CQPEA_boli","202070CQPEA_boli",4,5,"2020-October-19","2021-November-22","Bolivar",NA,"202070CQPEA_boli_rep2_GM3650-51_20",2,20,1,4,"test"," (Operator: lizbethpino, Time: ), Tallo principal muy grueso, ramificación extendida (Operator: lizbethpino, Time: )","GM3650-51","test",NA,NA,NA,NA,NA,NA,NA,4,30.6234790528233,100,75.36,37.04,37.68,1,5,1,44,35.26,NA,12,20,3,344.4,24,5,2,1,2,3,56,2995,250,0,20,3,2,1,6,5,100,75.36,23.0778538142076,0
2020,"202070CQPEA_boli","202070CQPEA_boli",4,5,"2020-October-19","2021-November-22","Bolivar",NA,"202070CQPEA_boli_rep2_GM3790-2_17",2,17,4,4,"test"," (Operator: lizbethpino, Time: ), Raíces alargadas (Operator: lizbethpino, Time: )","GM3790-2","test",NA,NA,NA,NA,NA,NA,NA,3,39.6212426035503,114.6,63.08,22.8,31.54,1,5,1,40,28.8,NA,10,20,1,307,41,5,1,1,1,3,55,2910,375,0,20,2,2,1,3,5,100,63.08,24.9930798343195,0
2020,"202070CQPEA_boli","202070CQPEA_boli",4,5,"2020-October-19","2021-November-22","Bolivar",NA,"202070CQPEA_boli_rep2_P13_15",2,15,5,3,"check"," (Operator: lizbethpino, Time: )","P13","test",NA,NA,NA,NA,NA,NA,NA,4,37.6536259541984,57.6,76.64,20.6,38.32,1,3,1,62,35.22,NA,8,20,4,293.8,46.8,5,3,1,1,3,81,2975,355,0,19,2,4,1,1,5,95,76.64,28.8577389312976,0
2020,"202070CQPEA_boli","202070CQPEA_boli",4,5,"2020-October-19","2021-November-22","Bolivar",NA,"202070CQPEA_boli_rep2_PER183_14",2,14,4,3,"test"," (Operator: lizbethpino, Time: )","PER183","test",NA,NA,NA,NA,NA,NA,NA,4,32.4695890410959,51.4,58.84,30.18,29.42,1,4,1,39,27.6,NA,9,20,3,346.6,22.6,5,3,1,1,2,51,3220,300,0,20,2,2,1,1,5,100,58.84,19.1051061917808,0
2020,"202070CQPEA_boli","202070CQPEA_boli",4,5,"2020-October-19","2021-November-22","Bolivar",NA,"202070CQPEA_boli_rep2_SM1127-8_19",2,19,2,4,"test"," (Operator: lizbethpino, Time: ), Ramificación muy extendida, raíces de medianas a gruesas. (Operator: lizbethpino, Time: )","SM1127-8_is_Cubana","check_released",NA,NA,NA,NA,NA,NA,NA,4,36.9556928838951,121.4,77.52,28.92,38.76,1,5,1,53,35.42,NA,12,20,3,345.4,17.8,5,1,1,2,2,80,3020,350,0,20,2,2,1,1,5,100,77.52,28.6480531235955,0
2020,"202070CQPEA_boli","202070CQPEA_boli",4,5,"2020-October-19","2021-November-22","Bolivar",NA,"202070CQPEA_boli_rep2_SM3106-14_11",2,11,1,3,"test"," (Operator: lizbethpino, Time: )","SM3106-14","test",NA,NA,NA,NA,NA,NA,NA,2,41.8415630885122,99.4,67.4,36.37,33.7,3,5,1,37,30.38,NA,11,20,1,361.8,22.8,5,3,1,1,2,67,3085,430,0,20,2,2,1,1,5,100,67.4,28.2012135216572,0
2020,"202070CQPEA_boli","202070CQPEA_boli",4,5,"2020-October-19","2021-November-22","Bolivar",NA,"202070CQPEA_boli_rep2_SM3553-27_18",2,18,3,4,"test"," (Operator: lizbethpino, Time: ), Planta con tallos largos con forma tipo ""s"". Raíces adecuadas en tamaño para el consumo. (Operator: lizbethpino, Time: )","SM3553-27","test",NA,NA,NA,NA,NA,NA,NA,2,41.6173114119922,192.6,71.2,34.62,35.6,1,5,1,39,34.24,NA,17,20,2,390.8,30.2,5,2,1,1,2,47,3000,415,0,20,2,2,1,1,5,100,71.2,29.6315257253384,0
2020,"202070CQPEA_boli","202070CQPEA_boli",4,5,"2020-October-19","2021-November-22","Bolivar",NA,"202070CQPEA_boli_rep2_SM3677-74_13",2,13,3,3,"test"," (Operator: lizbethpino, Time: ), Plantas don ramificación alta de porte erecto y raíces alargadas poco gruesas (Operator: lizbethpino, Time: )","SM3677-74","test",NA,NA,NA,NA,NA,NA,NA,3,37.6350902527076,133.6,64.08,33,32.04,1,5,1,53,27.62,NA,15,20,1,359.6,30.6,5,2,1,2,3,82,3145,375,0,19,2,4,1,5,5,95,64.08,24.116565833935,0
2020,"202070CQPEA_boli","202070CQPEA_boli",4,5,"2020-October-19","2021-November-22","Bolivar",NA,"202070CQPEA_boli_rep3_GM214-62_22",3,22,2,5,"test"," (Operator: lizbethpino, Time: )","GM214-62","test",NA,NA,NA,NA,NA,NA,NA,1,41.7527953410982,114.6,75.72,28.61,37.86,1,5,1,45,34.26,NA,24,20,3,310,32.4,5,2,1,1,2,52,3490,485,0,20,1,2,1,1,5,100,75.72,31.6152166322796,0
2020,"202070CQPEA_boli","202070CQPEA_boli",4,5,"2020-October-19","2021-November-22","Bolivar",NA,"202070CQPEA_boli_rep3_GM3594-70_27",3,27,4,6,"test"," (Operator: lizbethpino, Time: )","GM3594-70","test",NA,NA,NA,NA,NA,NA,NA,4,36.8283802816901,36.8,16.8,13.58,8.4,3,5,1,17,6.74,NA,10,20,3,355.8,31.6,5,2,1,4,3,33,3210,370,0,20,2,4,1,5,5,100,16.8,6.18716788732394,0
2020,"202070CQPEA_boli","202070CQPEA_boli",4,5,"2020-October-19","2021-November-22","Bolivar",NA,"202070CQPEA_boli_rep3_GM3650-51_21",3,21,1,5,"test"," (Operator: lizbethpino, Time: )","GM3650-51","test",NA,NA,NA,NA,NA,NA,NA,4,33.1556214149139,97.2,57.48,31.7,28.74,1,5,1,30,25.58,NA,18,20,4,361.6,28.4,5,2,1,2,3,46,2895,280,0,20,2,2,1,6,5,100,57.48,19.0578511892925,0
2020,"202070CQPEA_boli","202070CQPEA_boli",4,5,"2020-October-19","2021-November-22","Bolivar",NA,"202070CQPEA_boli_rep3_GM3790-2_28",3,28,3,6,"test"," (Operator: lizbethpino, Time: )","GM3790-2","test",NA,NA,NA,NA,NA,NA,NA,2,38.3290157480315,184.4,74.56,19.32,37.28,1,5,1,48,35.68,NA,12,20,1,315.8,30.4,5,2,1,2,2,64,2895,355,0,19,2,2,1,3,5,95,74.56,28.5781141417323,0
2020,"202070CQPEA_boli","202070CQPEA_boli",4,5,"2020-October-19","2021-November-22","Bolivar",NA,"202070CQPEA_boli_rep3_P13_24",3,24,4,5,"check"," (Operator: lizbethpino, Time: )","P13","test",NA,NA,NA,NA,NA,NA,NA,4,37.7786541737649,35.2,64.12,17.36,32.06,1,3,1,48,25,NA,6,20,4,283.6,36.6,5,3,1,2,2,81,3335,400,0,20,2,2,1,1,5,100,64.12,24.2236730562181,0
2020,"202070CQPEA_boli","202070CQPEA_boli",4,5,"2020-October-19","2021-November-22","Bolivar",NA,"202070CQPEA_boli_rep3_PER183_23",3,23,3,5,"test"," (Operator: lizbethpino, Time: )","PER183","test",NA,NA,NA,NA,NA,NA,NA,4,33.6972928176795,67.2,72.96,32.88,36.48,1,4,1,43,35.46,NA,21,20,3,358.8,20,5,3,1,1,2,49,3015,300,0,19,2,3,2,1,5,95,72.96,24.585544839779,0
2020,"202070CQPEA_boli","202070CQPEA_boli",4,5,"2020-October-19","2021-November-22","Bolivar",NA,"202070CQPEA_boli_rep3_SM1127-8_29",3,29,2,6,"test"," (Operator: lizbethpino, Time: )","SM1127-8_is_Cubana","check_released",NA,NA,NA,NA,NA,NA,NA,2,37.6946271510516,155.8,77,24.39,38.5,1,5,1,53,33.8,NA,17,20,1,332,16.6,5,1,1,2,2,98,2970,355,0,20,2,2,1,1,5,100,77,29.0248629063097,0
2020,"202070CQPEA_boli","202070CQPEA_boli",4,5,"2020-October-19","2021-November-22","Bolivar",NA,"202070CQPEA_boli_rep3_SM3106-14_26",3,26,5,6,"test"," (Operator: lizbethpino, Time: )","SM3106-14","test",NA,NA,NA,NA,NA,NA,NA,3,35.9925,90,60.04,26.94,30.02,2,5,1,45,26.14,NA,10,20,2,332.2,15.6,5,2,1,1,2,70,3105,345,0,20,2,2,1,1,5,100,60.04,21.609897,0
2020,"202070CQPEA_boli","202070CQPEA_boli",4,5,"2020-October-19","2021-November-22","Bolivar",NA,"202070CQPEA_boli_rep3_SM3553-27_25",3,25,5,5,"test"," (Operator: lizbethpino, Time: )","SM3553-27","test",NA,NA,NA,NA,NA,NA,NA,1,44.072676056338,246.5,72.32,30.84,36.16,1,5,1,52,34.5,NA,28,20,2,364.4,23.6,5,2,1,2,2,63,3340,500,0,20,3,2,1,1,5,100,72.32,31.8733593239436,0
2020,"202070CQPEA_boli","202070CQPEA_boli",4,5,"2020-October-19","2021-November-22","Bolivar",NA,"202070CQPEA_boli_rep3_SM3677-74_30",3,30,1,6,"test"," (Operator: lizbethpino, Time: ), Plantas de porte alto (Operator: lizbethpino, Time: )","SM3677-74","test",NA,NA,NA,NA,NA,NA,NA,3,38.1682402707276,135.4,61.2,23.8,30.6,1,5,1,56,27.74,NA,12,20,2,330.2,19,5,2,1,3,3,76,3365,410,0,20,2,4,1,5,5,100,61.2,23.3589630456853,0
2020,"202071CQPEA_cpal","202071CQPEA_cpal",4,5,"2020-October-08","2021-October-25","Corpoica Palmira",NA,"202071CQPEA_cpal_rep1_GM214-62_5",1,5,5,1,"test"," (Operator: lizbethpino, Time: ), Ramificación alta, de 2 a 3 tallos por planta (Operator: lizbethpino, Time: )","GM214-62","test",3.533333333,-76.3,NA,"Valle","Colombia","Mid-altitude torpics","cpal",2,42.3969064748201,126.6,40.16,15.6,20.08,NA,4,2,30,15.22,NA,33,20,2,363.6,48.4,5,2,1,1,2,63,3240,460,0,19,1,2,2,1,5,95,40.16,17.0265976402878,0
2020,"202071CQPEA_cpal","202071CQPEA_cpal",4,5,"2020-October-08","2021-October-25","Corpoica Palmira",NA,"202071CQPEA_cpal_rep1_GM3594-70_4",1,4,4,1,"test"," (Operator: lizbethpino, Time: ), Parcela con solo 3 plantas en evaluación que corresponden al genotipo. (Operator: lizbethpino, Time: )","GM3594-70","test",3.533333333,-76.3,NA,"Valle","Colombia","Mid-altitude torpics","cpal",3,38.2576717557252,130,14.24,7.59,7.12,NA,5,1,6,3.62,NA,9,20,3,343.333333333333,47.3333333333333,4,3,1,2,2,25,2985,365,0,3,2,2,1,5,5,15,14.24,5.44789245801527,0
2020,"202071CQPEA_cpal","202071CQPEA_cpal",4,5,"2020-October-08","2021-October-25","Corpoica Palmira",NA,"202071CQPEA_cpal_rep1_GM3650-51_1",1,1,1,1,"test","Algunas plantas con raíces fibrosas sin engrosar. (Operator: lizbethpino, Time: ),  (Operator: lizbethpino, Time: )","GM3650-51","test",3.533333333,-76.3,NA,"Valle","Colombia","Mid-altitude torpics","cpal",4,33.4848591549296,72.6,35.36,9.25,17.68,NA,4,3,23,12.54,NA,14,20,3,287.4,41.8,5,2,1,2,2,59,3150,310,0,20,2,3,1,5,5,100,35.36,11.8402461971831,0
2020,"202071CQPEA_cpal","202071CQPEA_cpal",4,5,"2020-October-08","2021-October-25","Corpoica Palmira",NA,"202071CQPEA_cpal_rep1_GM3790-2_9",1,9,2,2,"test"," (Operator: lizbethpino, Time: ), Raíces de buen tamaño, apto para el consumo (Operator: lizbethpino, Time: )","GM3790-2","test",3.533333333,-76.3,NA,"Valle","Colombia","Mid-altitude torpics","cpal",2,40.4144705882352,211.6,36.08,14.135,18.04,NA,2,1,29,13.9,NA,16,20,2,289.8,42.6,5,2,1,3,2,52,2940,390,0,19,3,2,2,2,5,95,36.08,14.5815409882353,0
2020,"202071CQPEA_cpal","202071CQPEA_cpal",4,5,"2020-October-08","2021-October-25","Corpoica Palmira",NA,"202071CQPEA_cpal_rep1_P13_10",1,10,1,2,"check"," (Operator: lizbethpino, Time: )","P13","test",3.533333333,-76.3,NA,"Valle","Colombia","Mid-altitude torpics","cpal",3,35.3403296703297,30.4,29.24,11.355,14.62,NA,2,1,16,7.16,NA,4,20,4,177.8,43,5,3,1,2,2,60,3060,330,0,15,2,4,2,1,5,75,29.24,10.3335123956044,0
2020,"202071CQPEA_cpal","202071CQPEA_cpal",4,5,"2020-October-08","2021-October-25","Corpoica Palmira",NA,"202071CQPEA_cpal_rep1_PER183_8",1,8,3,2,"test","Algunas raíces tienden a ser entre cónicas y cónico cilíndricas. (Operator: lizbethpino, Time: ),  (Operator: lizbethpino, Time: )","PER183","test",3.533333333,-76.3,NA,"Valle","Colombia","Mid-altitude torpics","cpal",4,33.1967620751342,74,41,20.645,20.5,NA,4,1,27,16.4,NA,15,20,3,304,57,5,3,1,1,2,44,3095,300,0,19,2,2,1,1,5,95,41,13.610672450805,0
2020,"202071CQPEA_cpal","202071CQPEA_cpal",4,5,"2020-October-08","2021-October-25","Corpoica Palmira",NA,"202071CQPEA_cpal_rep1_SM1127-8_3",1,3,3,1,"test"," (Operator: lizbethpino, Time: )","SM1127-8_is_Cubana","check_released",3.533333333,-76.3,NA,"Valle","Colombia","Mid-altitude torpics","cpal",3,40.3418439716312,141.6,50.38,14.16,25.19,NA,4,1,26,16.44,NA,15,20,2,349,27.8,5,2,1,1,2,76,3250,430,0,20,2,2,1,1,5,100,50.38,20.3242209929078,0
2020,"202071CQPEA_cpal","202071CQPEA_cpal",4,5,"2020-October-08","2021-October-25","Corpoica Palmira",NA,"202071CQPEA_cpal_rep1_SM3106-14_7",1,7,4,2,"test"," (Operator: lizbethpino, Time: ), Raíces medianas, corteza morada (Operator: lizbethpino, Time: )","SM3106-14","test",3.533333333,-76.3,NA,"Valle","Colombia","Mid-altitude torpics","cpal",1,41.4735229357798,131.6,39.44,16.87,19.72,NA,4,1,28,12.24,NA,14,20,1,396.4,49,5,2,1,3,2,71,3160,435,0,19,2,2,1,1,5,95,39.44,16.3571574458716,0
2020,"202071CQPEA_cpal","202071CQPEA_cpal",4,5,"2020-October-08","2021-October-25","Corpoica Palmira",NA,"202071CQPEA_cpal_rep1_SM3553-27_2",1,2,2,1,"test"," (Operator: lizbethpino, Time: )","SM3553-27","test",3.533333333,-76.3,NA,"Valle","Colombia","Mid-altitude torpics","cpal",4,42.8447553816047,145.4,44.8,13.18,22.4,NA,4,1,32,16.68,NA,11,20,1,344.2,35,5,2,1,2,2,65,2985,430,0,20,2,2,1,1,5,100,44.8,19.1944504109589,0
2020,"202071CQPEA_cpal","202071CQPEA_cpal",4,5,"2020-October-08","2021-October-25","Corpoica Palmira",NA,"202071CQPEA_cpal_rep1_SM3677-74_6",1,6,5,2,"test"," (Operator: lizbethpino, Time: ), Raíces con buen tamaño y alargadas (Operator: lizbethpino, Time: )","SM3677-74","test",3.533333333,-76.3,NA,"Valle","Colombia","Mid-altitude torpics","cpal",3,40.9505378271782,189.8,53.64,24.01,26.82,NA,5,2,42,21.44,NA,32,20,1,388.8,44.8,5,3,1,2,3,67,3225,436,0,18,3,4,1,6,5,90,53.64,21.9658684904984,0
2020,"202071CQPEA_cpal","202071CQPEA_cpal",4,5,"2020-October-08","2021-October-25","Corpoica Palmira",NA,"202071CQPEA_cpal_rep2_GM214-62_19",2,19,2,4,"test"," (Operator: lizbethpino, Time: )","GM214-62","test",3.533333333,-76.3,NA,"Valle","Colombia","Mid-altitude torpics","cpal",1,40.4453874538745,144.8,56.2,25.3,28.1,NA,4,1,28,17.42,NA,17,20,2,387.2,38.8,5,2,1,1,2,78,3125,415,0,20,2,2,1,1,5,100,56.2,22.7303077490775,0
2020,"202071CQPEA_cpal","202071CQPEA_cpal",4,5,"2020-October-08","2021-October-25","Corpoica Palmira",NA,"202071CQPEA_cpal_rep2_GM3594-70_18",2,18,3,4,"test"," (Operator: lizbethpino, Time: ), Ramificación extendida, únicamente se encuentran 3 plantas en la parcela (Operator: lizbethpino, Time: )","GM3594-70","test",3.533333333,-76.3,NA,"Valle","Colombia","Mid-altitude torpics","cpal",5,38.6934317343173,52.4,19.48,16.7,9.74,NA,5,2,12,5.66,NA,6,20,3,435.4,75.4,5,3,1,3,2,37,3095,385,0,5,2,2,1,5,5,25,19.48,7.53748050184501,0
2020,"202071CQPEA_cpal","202071CQPEA_cpal",4,5,"2020-October-08","2021-October-25","Corpoica Palmira",NA,"202071CQPEA_cpal_rep2_GM3650-51_13",2,13,3,3,"test"," (Operator: lizbethpino, Time: ), Varias plantas con raíces fibrosas sin engrosar y alargadas. Color del tallo tipo amarillo. (Operator: lizbethpino, Time: )","GM3650-51","test",3.533333333,-76.3,NA,"Valle","Colombia","Mid-altitude torpics","cpal",4,34.3805925925926,125.6,32.48,28.83,16.24,NA,4,3,13,9.5,NA,18,20,2,378.2,57.2,5,2,1,3,3,50,3010,310,0,20,2,2,1,5,5,100,32.48,11.1668164740741,0
2020,"202071CQPEA_cpal","202071CQPEA_cpal",4,5,"2020-October-08","2021-October-25","Corpoica Palmira",NA,"202071CQPEA_cpal_rep2_GM3790-2_20",2,20,1,4,"test","Corteza gruesa, muestra de raíces delgada (Operator: lizbethpino, Time: ),  (Operator: lizbethpino, Time: )","GM3790-2","test",3.533333333,-76.3,NA,"Valle","Colombia","Mid-altitude torpics","cpal",2,38.5596946564885,155.8,38.68,14.06,19.34,NA,3,1,20,10.88,NA,12,20,1,295.2,34,5,2,1,3,2,51,2990,370,0,19,2,2,1,2,5,95,38.68,14.9148898931298,0
2020,"202071CQPEA_cpal","202071CQPEA_cpal",4,5,"2020-October-08","2021-October-25","Corpoica Palmira",NA,"202071CQPEA_cpal_rep2_P13_12",2,12,2,3,"check"," (Operator: lizbethpino, Time: ), Raíces gruesas y largas. (Operator: lizbethpino, Time: )","P13","test",3.533333333,-76.3,NA,"Valle","Colombia","Mid-altitude torpics","cpal",2,36.7251851851852,102.4,54.48,18.67,27.24,NA,4,1,19,11.86,NA,6,20,4,280.8,32.4,5,3,1,2,3,80,3050,350,0,17,1,4,2,1,5,85,54.48,20.0078808888889,0
2020,"202071CQPEA_cpal","202071CQPEA_cpal",4,5,"2020-October-08","2021-October-25","Corpoica Palmira",NA,"202071CQPEA_cpal_rep2_PER183_15",2,15,5,3,"test"," (Operator: lizbethpino, Time: )","PER183","test",3.533333333,-76.3,NA,"Valle","Colombia","Mid-altitude torpics","cpal",3,32.9257069846678,68.2,47.84,26.16,23.92,NA,5,1,27,21.98,NA,15,20,3,401,32.8,5,3,1,1,2,34,3245,310,0,19,2,2,2,1,5,95,47.84,15.7516582214651,0
2020,"202071CQPEA_cpal","202071CQPEA_cpal",4,5,"2020-October-08","2021-October-25","Corpoica Palmira",NA,"202071CQPEA_cpal_rep2_SM1127-8_14",2,14,4,3,"test"," (Operator: lizbethpino, Time: )","SM1127-8_is_Cubana","check_released",3.533333333,-76.3,NA,"Valle","Colombia","Mid-altitude torpics","cpal",2,40.8025045703839,211.8,50.6,22.66,25.3,NA,5,2,26,18.78,NA,23,20,1,390,51.8,5,2,1,1,2,61,3160,425,0,19,1,2,1,1,5,95,50.6,20.6460673126143,0
2020,"202071CQPEA_cpal","202071CQPEA_cpal",4,5,"2020-October-08","2021-October-25","Corpoica Palmira",NA,"202071CQPEA_cpal_rep2_SM3106-14_11",2,11,1,3,"test"," (Operator: lizbethpino, Time: ), Raíces gruesas, largas y cilíndricas (Operator: lizbethpino, Time: )","SM3106-14","test",3.533333333,-76.3,NA,"Valle","Colombia","Mid-altitude torpics","cpal",1,42.3305825242718,134.6,56.88,20.41,28.44,NA,3,1,43,22.48,NA,21,20,2,313.8,45.8,5,3,1,1,2,79,3000,425,0,17,2,2,2,1,5,85,56.88,24.0776353398058,0
2020,"202071CQPEA_cpal","202071CQPEA_cpal",4,5,"2020-October-08","2021-October-25","Corpoica Palmira",NA,"202071CQPEA_cpal_rep2_SM3553-27_16",2,16,5,4,"test"," (Operator: lizbethpino, Time: ), Plantas muy volcadas, altas y de tallo grueso (Operator: lizbethpino, Time: )","SM3553-27","test",3.533333333,-76.3,NA,"Valle","Colombia","Mid-altitude torpics","cpal",1,40.6890647482014,274,55.32,31.26,27.66,NA,4,3,31,20.58,NA,30,20,2,522,82.8,5,3,2,2,2,62,3210,430,0,20,3,2,1,1,5,100,55.32,22.509190618705,0
2020,"202071CQPEA_cpal","202071CQPEA_cpal",4,5,"2020-October-08","2021-October-25","Corpoica Palmira",NA,"202071CQPEA_cpal_rep2_SM3677-74_17",2,17,4,4,"test"," (Operator: lizbethpino, Time: ), Raíces alargadas, algunas gruesas (Operator: lizbethpino, Time: )","SM3677-74","test",3.533333333,-76.3,NA,"Valle","Colombia","Mid-altitude torpics","cpal",3,37.8573937153419,152.2,56.36,15.7,28.18,NA,5,2,28,18.06,NA,30,20,1,435.4,38.6,5,3,1,2,3,81,3075,370,0,20,3,4,1,6,5,100,56.36,21.3364270979667,0
2020,"202071CQPEA_cpal","202071CQPEA_cpal",4,5,"2020-October-08","2021-October-25","Corpoica Palmira",NA,"202071CQPEA_cpal_rep3_GM214-62_21",3,21,1,5,"test","De 2 a 4 tallos por planta (Operator: lizbethpino, Time: ),  (Operator: lizbethpino, Time: )","GM214-62","test",3.533333333,-76.3,NA,"Valle","Colombia","Mid-altitude torpics","cpal",1,40.5576923076923,115.6,46.32,26.38,23.16,NA,4,1,21,12.18,NA,17,20,1,321,33,5,2,1,2,2,77,3075,410,0,18,2,2,1,1,5,90,46.32,18.7863230769231,0
2020,"202071CQPEA_cpal","202071CQPEA_cpal",4,5,"2020-October-08","2021-October-25","Corpoica Palmira",NA,"202071CQPEA_cpal_rep3_GM3594-70_30",3,30,1,6,"test"," (Operator: lizbethpino, Time: ), Únicamente 6 plantas corresponden al genotipo (Operator: lizbethpino, Time: )","GM3594-70","test",3.533333333,-76.3,NA,"Valle","Colombia","Mid-altitude torpics","cpal",4,36.9797966728281,88.2,31.4,16.16,15.7,NA,4,1,23,12.82,NA,11,20,2,272,72.8,5,3,1,2,2,25,3060,355,0,6,2,2,1,5,5,30,31.4,11.611656155268,0
2020,"202071CQPEA_cpal","202071CQPEA_cpal",4,5,"2020-October-08","2021-October-25","Corpoica Palmira",NA,"202071CQPEA_cpal_rep3_GM3650-51_27",3,27,4,6,"test"," (Operator: lizbethpino, Time: ), Raíces largas y delgadas (Operator: lizbethpino, Time: )","GM3650-51","test",3.533333333,-76.3,NA,"Valle","Colombia","Mid-altitude torpics","cpal",4,31.5546007604563,138.4,29.28,24.36,14.64,NA,3,3,27,10.74,NA,28,20,2,320.8,56.6,5,2,1,3,3,44,2885,255,0,18,3,4,1,5,5,90,29.28,9.2391871026616,0
2020,"202071CQPEA_cpal","202071CQPEA_cpal",4,5,"2020-October-08","2021-October-25","Corpoica Palmira",NA,"202071CQPEA_cpal_rep3_GM3790-2_28",3,28,3,6,"test"," (Operator: lizbethpino, Time: ), Raíces largas y de buen grosor. (Operator: lizbethpino, Time: )","GM3790-2","test",3.533333333,-76.3,NA,"Valle","Colombia","Mid-altitude torpics","cpal",2,37.3301067615658,219.8,37.72,11,18.86,NA,3,1,26,17.46,NA,19,20,1,316.6,55.6,5,2,1,2,2,29,3185,375,0,19,2,2,1,2,5,95,37.72,14.0809162704626,0
2020,"202071CQPEA_cpal","202071CQPEA_cpal",4,5,"2020-October-08","2021-October-25","Corpoica Palmira",NA,"202071CQPEA_cpal_rep3_P13_23",3,23,3,5,"check"," (Operator: lizbethpino, Time: ), Raíces delgadas y gruesas (Operator: lizbethpino, Time: )","P13","test",3.533333333,-76.3,NA,"Valle","Colombia","Mid-altitude torpics","cpal",4,35.5031802120141,69,45.36,14.09,22.68,NA,4,1,12,6.94,NA,12,20,3,250.8,24.4,5,3,1,2,3,72,3175,345,0,19,2,4,2,1,5,95,45.36,16.1042425441696,0
2020,"202071CQPEA_cpal","202071CQPEA_cpal",4,5,"2020-October-08","2021-October-25","Corpoica Palmira",NA,"202071CQPEA_cpal_rep3_PER183_22",3,22,2,5,"test","Algunas raíces mayor a 30 cm (Operator: lizbethpino, Time: ),  (Operator: lizbethpino, Time: )","PER183","test",3.533333333,-76.3,NA,"Valle","Colombia","Mid-altitude torpics","cpal",4,31.6856088560885,64.4,52.8,19.76,26.4,NA,4,1,25,22.24,NA,12,20,1,296,57,5,3,1,1,2,45,2975,265,0,20,2,2,2,1,5,100,52.8,16.7300014760147,0
2020,"202071CQPEA_cpal","202071CQPEA_cpal",4,5,"2020-October-08","2021-October-25","Corpoica Palmira",NA,"202071CQPEA_cpal_rep3_SM1127-8_29",3,29,2,6,"test"," (Operator: lizbethpino, Time: )","SM1127-8_is_Cubana","check_released",3.533333333,-76.3,NA,"Valle","Colombia","Mid-altitude torpics","cpal",3,39.0730769230769,164.8,59.12,22.3,29.56,NA,3,1,44,25.56,NA,32,20,2,332.8,56.2,5,2,1,2,3,64,3050,385,0,20,2,2,1,1,5,100,59.12,23.1000030769231,0
2020,"202071CQPEA_cpal","202071CQPEA_cpal",4,5,"2020-October-08","2021-October-25","Corpoica Palmira",NA,"202071CQPEA_cpal_rep3_SM3106-14_25",3,25,5,5,"test"," (Operator: lizbethpino, Time: ), Raíces pequeñas, cortas y de buen grososr (Operator: lizbethpino, Time: )","SM3106-14","test",3.533333333,-76.3,NA,"Valle","Colombia","Mid-altitude torpics","cpal",1,38.3903787878788,151.8,38.28,13.76,19.14,NA,4,2,27,9.5,NA,22,20,1,333,41.6,5,2,1,3,1,73,3010,370,0,20,2,2,1,1,5,100,38.28,14.695837,0
2020,"202071CQPEA_cpal","202071CQPEA_cpal",4,5,"2020-October-08","2021-October-25","Corpoica Palmira",NA,"202071CQPEA_cpal_rep3_SM3553-27_26",3,26,5,6,"test"," (Operator: lizbethpino, Time: ), Parcela muy volcada, tallos largos y gruesos tipo ""s"" (Operator: lizbethpino, Time: )","SM3553-27","test",3.533333333,-76.3,NA,"Valle","Colombia","Mid-altitude torpics","cpal",3,41.2139033457249,235.6,54.64,26.72,27.32,NA,4,2,43,26.22,NA,17,20,2,422.4,76.6,5,2,1,1,2,43,3115,425,0,20,2,2,1,1,5,100,54.64,22.5192767881041,0
2020,"202071CQPEA_cpal","202071CQPEA_cpal",4,5,"2020-October-08","2021-October-25","Corpoica Palmira",NA,"202071CQPEA_cpal_rep3_SM3677-74_24",3,24,4,5,"test","Buen desarrollo de raíces. Raíces alargadas (Operator: lizbethpino, Time: ),  (Operator: lizbethpino, Time: )","SM3677-74","test",3.533333333,-76.3,NA,"Valle","Colombia","Mid-altitude torpics","cpal",4,39.6973498233215,204.8,53.72,24.72,26.86,NA,5,1,26,16.04,NA,27,20,4,401,37,5,3,1,2,NA,70,3250,420,0,18,NA,4,1,6,5,90,53.72,21.3254163250883,0
2017,"201783CQPRC_cpal","201783CQPRC_cpal",4,5,"2017-June-23","2018-April-23","Corpoica Palmira",NA,"201783CQPRC_cpal_rep1_CG1141-1_14",1,14,1,14,"check"," (Operator: lizbethpino, Time: )","CG1141-1_is_Costena","check_released",3.533333333,-76.3,NA,"Valle","Colombia","Mid-altitude torpics","cpal",NA,39.9295577395577,60,64.88,NA,32.44,NA,NA,1,46,29.28,NA,7,20,2,200,NA,5,3,NA,NA,NA,63,4.68,0.61,NA,20,NA,NA,NA,1,5,100,64.88,25.906297061425,NA
2017,"201783CQPRC_cpal","201783CQPRC_cpal",4,5,"2017-June-23","2018-April-23","Corpoica Palmira",NA,"201783CQPRC_cpal_rep1_CM9456-12_7",1,7,1,7,"test"," (Operator: lizbethpino, Time: )","CM9456-12","test",3.533333333,-76.3,NA,"Valle","Colombia","Mid-altitude torpics","cpal",NA,39.2895833333333,70,54.92,NA,27.46,NA,NA,1,45,25.14,NA,19,20,4,200,NA,5,3,NA,NA,NA,58,4.4,0.56,NA,18,NA,NA,NA,1,5,90,54.92,21.5778391666666,NA
2017,"201783CQPRC_cpal","201783CQPRC_cpal",4,5,"2017-June-23","2018-April-23","Corpoica Palmira",NA,"201783CQPRC_cpal_rep1_CMB8527_5",1,5,1,5,"test"," (Operator: lizbethpino, Time: )","CMB8527","test",3.533333333,-76.3,NA,"Valle","Colombia","Mid-altitude torpics","cpal",NA,41.284961038961,70,34.8,NA,17.4,NA,NA,1,25,13.88,NA,12,20,2,250,NA,5,3,NA,NA,NA,39,4.46,0.61,NA,20,NA,NA,NA,1,5,100,34.8,14.3671664415584,NA
2017,"201783CQPRC_cpal","201783CQPRC_cpal",4,5,"2017-June-23","2018-April-23","Corpoica Palmira",NA,"201783CQPRC_cpal_rep1_COL2215_12",1,12,1,12,"check"," (Operator: lizbethpino, Time: )","COL2215_is_Venezolana","check_released",3.533333333,-76.3,NA,"Valle","Colombia","Mid-altitude torpics","cpal",NA,41.0183243243243,150,33.44,NA,16.72,NA,NA,1,22,15.52,NA,16,20,2,220,NA,5,3,NA,NA,NA,29,4.28,0.58,NA,20,NA,NA,NA,1,5,100,33.44,13.716527654054,NA
2017,"201783CQPRC_cpal","201783CQPRC_cpal",4,5,"2017-June-23","2018-April-23","Corpoica Palmira",NA,"201783CQPRC_cpal_rep1_GM1692-56_6",1,6,1,6,"test"," (Operator: lizbethpino, Time: )","GM1692-56","test",3.533333333,-76.3,NA,"Valle","Colombia","Mid-altitude torpics","cpal",NA,42.1542622950819,180,49.28,NA,24.64,NA,NA,1,45,20.26,NA,22,20,1,290,NA,5,3,NA,NA,NA,71,4.26,0.6,NA,20,NA,NA,NA,1,5,100,49.28,20.7736204590164,NA
2017,"201783CQPRC_cpal","201783CQPRC_cpal",4,5,"2017-June-23","2018-April-23","Corpoica Palmira",NA,"201783CQPRC_cpal_rep1_GM214-62_8",1,8,1,8,"test"," (Operator: lizbethpino, Time: )","GM214-62","test",3.533333333,-76.3,NA,"Valle","Colombia","Mid-altitude torpics","cpal",NA,39.6881318681318,90,59.12,NA,29.56,NA,NA,1,46,28.2,NA,16,20,2,300,NA,5,3,NA,NA,NA,57,4.18,0.54,NA,20,NA,NA,NA,1,5,100,59.12,23.4636235604395,NA
2017,"201783CQPRC_cpal","201783CQPRC_cpal",4,5,"2017-June-23","2018-April-23","Corpoica Palmira",NA,"201783CQPRC_cpal_rep1_GM3790-2_4",1,4,1,4,"test"," (Operator: lizbethpino, Time: )","GM3790-2","test",3.533333333,-76.3,NA,"Valle","Colombia","Mid-altitude torpics","cpal",NA,41.4272527472527,190,45.56,NA,22.78,NA,NA,1,27,20.22,NA,19,20,1,280,NA,5,3,NA,NA,NA,42,4.22,0.58,NA,20,NA,NA,NA,2,5,100,45.56,18.8742563516483,NA
2017,"201783CQPRC_cpal","201783CQPRC_cpal",4,5,"2017-June-23","2018-April-23","Corpoica Palmira",NA,"201783CQPRC_cpal_rep1_P13_11",1,11,1,11,"check"," (Operator: lizbethpino, Time: )","P13","test",3.533333333,-76.3,NA,"Valle","Colombia","Mid-altitude torpics","cpal",NA,34.7297872340425,50,28.8,NA,14.4,NA,NA,2,23,12.32,NA,9,20,5,240,NA,5,3,NA,NA,NA,35,4.2,0.44,NA,20,NA,NA,NA,1,5,100,28.8,10.0021787234042,NA
2017,"201783CQPRC_cpal","201783CQPRC_cpal",4,5,"2017-June-23","2018-April-23","Corpoica Palmira",NA,"201783CQPRC_cpal_rep1_PER183_10",1,10,1,10,"check"," (Operator: lizbethpino, Time: )","PER183","test",3.533333333,-76.3,NA,"Valle","Colombia","Mid-altitude torpics","cpal",NA,33.2533846153846,70,70.76,NA,35.38,NA,NA,1,32,35.38,NA,31,20,2,310,NA,5,3,NA,NA,NA,32,4.32,0.42,NA,20,NA,NA,NA,1,5,100,70.76,23.5300949538461,NA
2017,"201783CQPRC_cpal","201783CQPRC_cpal",4,5,"2017-June-23","2018-April-23","Corpoica Palmira",NA,"201783CQPRC_cpal_rep1_SM1127-8_9",1,9,1,9,"test"," (Operator: lizbethpino, Time: )","SM1127-8_is_Cubana","check_released",3.533333333,-76.3,NA,"Valle","Colombia","Mid-altitude torpics","cpal",NA,39.3074054054054,190,42.44,NA,21.22,NA,NA,1,35,18.24,NA,24,20,1,300,NA,5,2,NA,NA,NA,48,4.24,0.54,NA,18,NA,NA,NA,1,5,90,42.44,16.682062854054,NA
2017,"201783CQPRC_cpal","201783CQPRC_cpal",4,5,"2017-June-23","2018-April-23","Corpoica Palmira",NA,"201783CQPRC_cpal_rep1_SM3106-14_3",1,3,1,3,"test"," (Operator: lizbethpino, Time: )","SM3106-14","test",3.533333333,-76.3,NA,"Valle","Colombia","Mid-altitude torpics","cpal",NA,39.2651604938272,86,53.36,NA,26.68,NA,NA,1,40,21.36,NA,30,20,2,276,NA,5,1,NA,NA,NA,69,4.64,0.59,NA,20,NA,NA,NA,1,5,100,53.36,20.9518896395062,NA
2017,"201783CQPRC_cpal","201783CQPRC_cpal",4,5,"2017-June-23","2018-April-23","Corpoica Palmira",NA,"201783CQPRC_cpal_rep1_SM3553-27_1",1,1,1,1,"test"," (Operator: lizbethpino, Time: )","SM3553-27","test",3.533333333,-76.3,NA,"Valle","Colombia","Mid-altitude torpics","cpal",NA,42.3060638297872,150,72.68,NA,36.34,NA,NA,1,54,34.24,NA,23,20,1,306,NA,5,3,NA,NA,NA,68,4.38,0.62,NA,20,NA,NA,NA,1,5,100,72.68,30.7480471914893,NA
2017,"201783CQPRC_cpal","201783CQPRC_cpal",4,5,"2017-June-23","2018-April-23","Corpoica Palmira",NA,"201783CQPRC_cpal_rep1_SM3562-32_2",1,2,1,2,"test"," (Operator: lizbethpino, Time: )","SM3562-32","test",3.533333333,-76.3,NA,"Valle","Colombia","Mid-altitude torpics","cpal",NA,38.9304950495049,110,58.8,NA,29.4,NA,NA,1,43,25.2,NA,19,20,3,256,NA,5,3,NA,NA,NA,63,4.62,0.58,NA,20,NA,NA,NA,1,5,100,58.8,22.8911310891089,NA
2017,"201783CQPRC_cpal","201783CQPRC_cpal",4,5,"2017-June-23","2018-April-23","Corpoica Palmira","Caiseli,Caiselli,CAISELLI","201783CQPRC_cpal_rep1_SMB2446-2_13",1,13,1,13,"check"," (Operator: lizbethpino, Time: )","SMB2446-2_is_Caiseli","check_released",3.533333333,-76.3,NA,"Valle","Colombia","Mid-altitude torpics","cpal",NA,40.3513559322034,180,49.56,NA,24.78,NA,NA,1,28,19.78,NA,16,20,1,270,NA,5,3,NA,NA,NA,48,4.08,0.54,NA,19,NA,NA,NA,2,5,95,49.56,19.998132,NA
2017,"201783CQPRC_cpal","201783CQPRC_cpal",4,5,"2017-June-23","2018-April-23","Corpoica Palmira",NA,"201783CQPRC_cpal_rep2_CG1141-1_24",2,24,2,5,"check"," (Operator: lizbethpino, Time: )","CG1141-1_is_Costena","check_released",3.533333333,-76.3,NA,"Valle","Colombia","Mid-altitude torpics","cpal",NA,41.2409183673469,80,39.36,NA,19.68,NA,NA,1,30,17.48,NA,18,20,2,260,NA,5,3,NA,NA,NA,45,4.54,0.62,NA,20,NA,NA,NA,1,5,100,39.36,16.2324254693877,NA
2017,"201783CQPRC_cpal","201783CQPRC_cpal",4,5,"2017-June-23","2018-April-23","Corpoica Palmira",NA,"201783CQPRC_cpal_rep2_CM9456-12_19",2,19,2,10,"test"," (Operator: lizbethpino, Time: )","CM9456-12","test",3.533333333,-76.3,NA,"Valle","Colombia","Mid-altitude torpics","cpal",NA,39.6407012987013,140,55.94,NA,27.97,NA,NA,1,42,25.13,NA,8,20,4,210,NA,5,3,NA,NA,NA,53,4.42,0.57,NA,19,NA,NA,NA,1,5,95,55.94,22.1750083064935,NA
2017,"201783CQPRC_cpal","201783CQPRC_cpal",4,5,"2017-June-23","2018-April-23","Corpoica Palmira",NA,"201783CQPRC_cpal_rep2_CMB8527_25",2,25,2,4,"test"," (Operator: lizbethpino, Time: )","CMB8527","test",3.533333333,-76.3,NA,"Valle","Colombia","Mid-altitude torpics","cpal",NA,42.1318965517241,130,36,NA,18,NA,NA,1,34,15.34,NA,16,20,2,270,NA,5,3,NA,NA,NA,46,4.05,0.57,NA,20,NA,NA,NA,1,5,100,36,15.1674827586207,NA
2017,"201783CQPRC_cpal","201783CQPRC_cpal",4,5,"2017-June-23","2018-April-23","Corpoica Palmira",NA,"201783CQPRC_cpal_rep2_COL2215_21",2,21,2,8,"check"," (Operator: lizbethpino, Time: )","COL2215_is_Venezolana","check_released",3.533333333,-76.3,NA,"Valle","Colombia","Mid-altitude torpics","cpal",NA,40.2277777777778,80,34.8,NA,17.4,NA,NA,1,26,13.96,NA,12,20,3,260,NA,5,3,NA,NA,NA,42,4.25,0.56,NA,20,NA,NA,NA,1,5,100,34.8,13.9992666666667,NA
2017,"201783CQPRC_cpal","201783CQPRC_cpal",4,5,"2017-June-23","2018-April-23","Corpoica Palmira",NA,"201783CQPRC_cpal_rep2_GM1692-56_27",2,27,2,2,"test"," (Operator: lizbethpino, Time: )","GM1692-56","test",3.533333333,-76.3,NA,"Valle","Colombia","Mid-altitude torpics","cpal",NA,43.5418105849582,180,34.6,NA,17.3,NA,NA,1,34,15,NA,30,20,1,340,NA,5,3,NA,NA,NA,55,4.21,0.62,NA,20,NA,NA,NA,1,5,100,34.6,15.0654664623955,NA
2017,"201783CQPRC_cpal","201783CQPRC_cpal",4,5,"2017-June-23","2018-April-23","Corpoica Palmira",NA,"201783CQPRC_cpal_rep2_GM214-62_18",2,18,2,11,"test"," (Operator: lizbethpino, Time: )","GM214-62","test",3.533333333,-76.3,NA,"Valle","Colombia","Mid-altitude torpics","cpal",NA,34.6480582524272,150,57.84,NA,28.92,NA,NA,1,43,27.28,NA,16,20,2,310,NA,5,3,NA,NA,NA,54,4.6,0.48,NA,20,NA,NA,NA,1,5,100,57.84,20.0404368932039,NA
2017,"201783CQPRC_cpal","201783CQPRC_cpal",4,5,"2017-June-23","2018-April-23","Corpoica Palmira",NA,"201783CQPRC_cpal_rep2_GM3790-2_15",2,15,2,14,"test"," (Operator: lizbethpino, Time: )","GM3790-2","test",3.533333333,-76.3,NA,"Valle","Colombia","Mid-altitude torpics","cpal",NA,39.6559259259259,200,62.68,NA,31.34,NA,NA,1,35,29.05,NA,18,20,1,260,NA,5,3,NA,NA,NA,47,4.65,0.6,NA,20,NA,NA,NA,2,5,100,62.68,24.8563343703704,NA
2017,"201783CQPRC_cpal","201783CQPRC_cpal",4,5,"2017-June-23","2018-April-23","Corpoica Palmira",NA,"201783CQPRC_cpal_rep2_P13_26",2,26,2,3,"check"," (Operator: lizbethpino, Time: )","P13","test",3.533333333,-76.3,NA,"Valle","Colombia","Mid-altitude torpics","cpal",NA,37.0560752688172,80,32.88,NA,16.44,NA,NA,2,30,14.59,NA,12,20,5,260,NA,5,3,NA,NA,NA,45,4.21,0.49,NA,18,NA,NA,NA,1,5,90,32.88,12.1840375483871,NA
2017,"201783CQPRC_cpal","201783CQPRC_cpal",4,5,"2017-June-23","2018-April-23","Corpoica Palmira",NA,"201783CQPRC_cpal_rep2_PER183_23",2,23,2,6,"check"," (Operator: lizbethpino, Time: )","PER183","test",3.533333333,-76.3,NA,"Valle","Colombia","Mid-altitude torpics","cpal",NA,33.3073407202216,80,74.72,NA,37.36,NA,NA,1,35,37.36,NA,33,20,2,310,NA,5,3,NA,NA,NA,35,4,0.39,NA,20,NA,NA,NA,1,5,100,74.72,24.8872449861496,NA
2017,"201783CQPRC_cpal","201783CQPRC_cpal",4,5,"2017-June-23","2018-April-23","Corpoica Palmira",NA,"201783CQPRC_cpal_rep2_SM1127-8_20",2,20,2,9,"test"," (Operator: lizbethpino, Time: )","SM1127-8_is_Cubana","check_released",3.533333333,-76.3,NA,"Valle","Colombia","Mid-altitude torpics","cpal",NA,39.3403076923076,140,45.46,NA,22.73,NA,NA,1,33,18.43,NA,37,20,1,320,NA,5,2,NA,NA,NA,55,4.47,0.57,NA,19,NA,NA,NA,1,5,95,45.46,17.884103876923,NA
2017,"201783CQPRC_cpal","201783CQPRC_cpal",4,5,"2017-June-23","2018-April-23","Corpoica Palmira",NA,"201783CQPRC_cpal_rep2_SM3106-14_16",2,16,2,13,"test"," (Operator: lizbethpino, Time: )","SM3106-14","test",3.533333333,-76.3,NA,"Valle","Colombia","Mid-altitude torpics","cpal",NA,39.4572316384181,70,51.58,NA,25.79,NA,NA,1,33,24.18,NA,20,20,2,310,NA,5,1,NA,NA,NA,43,4.06,0.52,NA,20,NA,NA,NA,1,5,100,51.58,20.3520400790961,NA
2017,"201783CQPRC_cpal","201783CQPRC_cpal",4,5,"2017-June-23","2018-April-23","Corpoica Palmira",NA,"201783CQPRC_cpal_rep2_SM3553-27_22",2,22,2,7,"test"," (Operator: lizbethpino, Time: )","SM3553-27","test",3.533333333,-76.3,NA,"Valle","Colombia","Mid-altitude torpics","cpal",NA,40.4051378446115,380,61.72,NA,30.86,NA,NA,1,43,27.9,NA,37,20,1,400,NA,5,3,NA,NA,NA,59,4.6,0.61,NA,20,NA,NA,NA,1,5,100,61.72,24.9380510776942,NA
2017,"201783CQPRC_cpal","201783CQPRC_cpal",4,5,"2017-June-23","2018-April-23","Corpoica Palmira",NA,"201783CQPRC_cpal_rep2_SM3562-32_28",2,28,2,1,"test"," (Operator: lizbethpino, Time: )","SM3562-32","test",3.533333333,-76.3,NA,"Valle","Colombia","Mid-altitude torpics","cpal",NA,44.5815406162465,90,41.12,NA,20.56,NA,NA,1,31,18.97,NA,17,20,3,240,NA,5,3,NA,NA,NA,39,4.21,0.64,NA,20,NA,NA,NA,1,5,100,41.12,18.3319295014006,NA
2017,"201783CQPRC_cpal","201783CQPRC_cpal",4,5,"2017-June-23","2018-April-23","Corpoica Palmira","Caiseli,Caiselli,CAISELLI","201783CQPRC_cpal_rep2_SMB2446-2_17",2,17,2,12,"check"," (Operator: lizbethpino, Time: )","SMB2446-2_is_Caiseli","check_released",3.533333333,-76.3,NA,"Valle","Colombia","Mid-altitude torpics","cpal",NA,40.8187935656836,190,39.98,NA,19.99,NA,NA,1,28,16.46,NA,34,20,1,260,NA,5,3,NA,NA,NA,48,4.31,0.58,NA,19,NA,NA,NA,2,5,95,39.98,16.3193536675603,NA
2017,"201783CQPRC_cpal","201783CQPRC_cpal",4,5,"2017-June-23","2018-April-23","Corpoica Palmira",NA,"201783CQPRC_cpal_rep3_CG1141-1_37",3,37,3,9,"check"," (Operator: lizbethpino, Time: )","CG1141-1_is_Costena","check_released",3.533333333,-76.3,NA,"Valle","Colombia","Mid-altitude torpics","cpal",NA,41.5993048128342,130,60.54,NA,30.27,NA,NA,1,42,26.15,NA,21,20,2,210,NA,5,3,NA,NA,NA,59,4.34,0.6,NA,20,NA,NA,NA,1,5,100,60.54,25.1842191336898,NA
2017,"201783CQPRC_cpal","201783CQPRC_cpal",4,5,"2017-June-23","2018-April-23","Corpoica Palmira",NA,"201783CQPRC_cpal_rep3_CM9456-12_38",3,38,3,10,"test"," (Operator: lizbethpino, Time: )","CM9456-12","test",3.533333333,-76.3,NA,"Valle","Colombia","Mid-altitude torpics","cpal",NA,39.7461025641025,100,58.3,NA,29.15,NA,NA,1,42,26.9,NA,11,20,4,240,NA,5,3,NA,NA,NA,57,4.48,0.58,NA,19,NA,NA,NA,1,5,95,58.3,23.1719777948718,NA
2017,"201783CQPRC_cpal","201783CQPRC_cpal",4,5,"2017-June-23","2018-April-23","Corpoica Palmira",NA,"201783CQPRC_cpal_rep3_CMB8527_42",3,42,3,14,"test"," (Operator: lizbethpino, Time: )","CMB8527","test",3.533333333,-76.3,NA,"Valle","Colombia","Mid-altitude torpics","cpal",NA,39.58,160,43.08,NA,21.54,NA,NA,1,32,16.06,NA,17,20,2,280,NA,5,3,NA,NA,NA,61,4.43,0.57,NA,20,NA,NA,NA,1,5,100,43.08,17.051064,NA
2017,"201783CQPRC_cpal","201783CQPRC_cpal",4,5,"2017-June-23","2018-April-23","Corpoica Palmira",NA,"201783CQPRC_cpal_rep3_COL2215_41",3,41,3,13,"check"," (Operator: lizbethpino, Time: )","COL2215_is_Venezolana","check_released",3.533333333,-76.3,NA,"Valle","Colombia","Mid-altitude torpics","cpal",NA,39.3168319559229,170,41.02,NA,20.51,NA,NA,1,23,16.14,NA,18,20,2,280,NA,5,3,NA,NA,NA,44,4.16,0.53,NA,20,NA,NA,NA,1,5,100,41.02,16.1277644683196,NA
2017,"201783CQPRC_cpal","201783CQPRC_cpal",4,5,"2017-June-23","2018-April-23","Corpoica Palmira",NA,"201783CQPRC_cpal_rep3_GM1692-56_32",3,32,3,4,"test"," (Operator: lizbethpino, Time: )","GM1692-56","test",3.533333333,-76.3,NA,"Valle","Colombia","Mid-altitude torpics","cpal",NA,39.7711797752809,130,49.86,NA,24.93,NA,NA,1,35,22.05,NA,22,20,1,320,NA,5,3,NA,NA,NA,58,4.09,0.53,NA,19,NA,NA,NA,1,5,95,49.86,19.8299102359551,NA
2017,"201783CQPRC_cpal","201783CQPRC_cpal",4,5,"2017-June-23","2018-April-23","Corpoica Palmira",NA,"201783CQPRC_cpal_rep3_GM214-62_40",3,40,3,12,"test"," (Operator: lizbethpino, Time: )","GM214-62","test",3.533333333,-76.3,NA,"Valle","Colombia","Mid-altitude torpics","cpal",NA,40.8570491803278,160,44.58,NA,22.29,NA,NA,1,29,16.41,NA,11,20,2,290,NA,5,3,NA,NA,NA,46,4.23,0.57,NA,20,NA,NA,NA,1,5,100,44.58,18.2140725245901,NA
2017,"201783CQPRC_cpal","201783CQPRC_cpal",4,5,"2017-June-23","2018-April-23","Corpoica Palmira",NA,"201783CQPRC_cpal_rep3_GM3790-2_35",3,35,3,7,"test"," (Operator: lizbethpino, Time: )","GM3790-2","test",3.533333333,-76.3,NA,"Valle","Colombia","Mid-altitude torpics","cpal",NA,40.7174540682414,260,57.78,NA,28.89,NA,NA,1,27,21.88,NA,14,20,1,300,NA,5,3,NA,NA,NA,49,4.4,0.59,NA,20,NA,NA,NA,2,5,100,57.78,23.5265449606299,NA
2017,"201783CQPRC_cpal","201783CQPRC_cpal",4,5,"2017-June-23","2018-April-23","Corpoica Palmira",NA,"201783CQPRC_cpal_rep3_P13_34",3,34,3,6,"check"," (Operator: lizbethpino, Time: )","P13","test",3.533333333,-76.3,NA,"Valle","Colombia","Mid-altitude torpics","cpal",NA,36.7251851851852,100,36.8,NA,18.4,NA,NA,2,21,15.39,NA,14,20,5,230,NA,5,3,NA,NA,NA,36,4.27,0.49,NA,20,NA,NA,NA,1,5,100,36.8,13.5148681481481,NA
2017,"201783CQPRC_cpal","201783CQPRC_cpal",4,5,"2017-June-23","2018-April-23","Corpoica Palmira",NA,"201783CQPRC_cpal_rep3_PER183_31",3,31,3,3,"check"," (Operator: lizbethpino, Time: )","PER183","test",3.533333333,-76.3,NA,"Valle","Colombia","Mid-altitude torpics","cpal",NA,32.191921182266,50,51.2,NA,25.6,NA,NA,2,26,24.63,NA,17,20,2,270,NA,5,3,NA,NA,NA,31,4.47,0.41,NA,18,NA,NA,NA,1,5,90,51.2,16.4822636453202,NA
2017,"201783CQPRC_cpal","201783CQPRC_cpal",4,5,"2017-June-23","2018-April-23","Corpoica Palmira",NA,"201783CQPRC_cpal_rep3_SM1127-8_36",3,36,3,8,"test"," (Operator: lizbethpino, Time: )","SM1127-8_is_Cubana","check_released",3.533333333,-76.3,NA,"Valle","Colombia","Mid-altitude torpics","cpal",NA,39.70171875,220,55.1,NA,27.55,NA,NA,1,23,24.3,NA,32,20,1,340,NA,5,2,NA,NA,NA,37,4.41,0.57,NA,18,NA,NA,NA,1,5,90,55.1,21.87564703125,NA
2017,"201783CQPRC_cpal","201783CQPRC_cpal",4,5,"2017-June-23","2018-April-23","Corpoica Palmira",NA,"201783CQPRC_cpal_rep3_SM3106-14_30",3,30,3,2,"test"," (Operator: lizbethpino, Time: )","SM3106-14","test",3.533333333,-76.3,NA,"Valle","Colombia","Mid-altitude torpics","cpal",NA,41.8373295454545,120,54.5,NA,27.25,NA,NA,1,40,22.65,NA,28,20,2,320,NA,5,1,NA,NA,NA,68,4.09,0.57,NA,20,NA,NA,NA,1,5,100,54.5,22.8013446022727,NA
2017,"201783CQPRC_cpal","201783CQPRC_cpal",4,5,"2017-June-23","2018-April-23","Corpoica Palmira",NA,"201783CQPRC_cpal_rep3_SM3553-27_29",3,29,3,1,"test"," (Operator: lizbethpino, Time: )","SM3553-27","test",3.533333333,-76.3,NA,"Valle","Colombia","Mid-altitude torpics","cpal",NA,39.4962125340599,340,69.4,NA,34.7,NA,NA,1,33,33.23,NA,23,20,1,360,NA,5,3,NA,NA,NA,41,4.21,0.54,NA,20,NA,NA,NA,1,5,100,69.4,27.4103714986376,NA
2017,"201783CQPRC_cpal","201783CQPRC_cpal",4,5,"2017-June-23","2018-April-23","Corpoica Palmira",NA,"201783CQPRC_cpal_rep3_SM3562-32_39",3,39,3,11,"test"," (Operator: lizbethpino, Time: )","SM3562-32","test",3.533333333,-76.3,NA,"Valle","Colombia","Mid-altitude torpics","cpal",NA,37.8109470752089,90,64.66,NA,32.33,NA,NA,1,46,32.33,NA,11,20,3,280,NA,5,3,NA,NA,NA,46,4.08,0.49,NA,20,NA,NA,NA,1,5,100,64.66,24.4485583788301,NA
2017,"201783CQPRC_cpal","201783CQPRC_cpal",4,5,"2017-June-23","2018-April-23","Corpoica Palmira","Caiseli,Caiselli,CAISELLI","201783CQPRC_cpal_rep3_SMB2446-2_33",3,33,3,5,"check"," (Operator: lizbethpino, Time: )","SMB2446-2_is_Caiseli","check_released",3.533333333,-76.3,NA,"Valle","Colombia","Mid-altitude torpics","cpal",NA,39.7722828784119,140,54.92,NA,27.46,NA,NA,1,37,26.08,NA,14,20,1,290,NA,5,3,NA,NA,NA,49,4.63,0.6,NA,20,NA,NA,NA,2,5,100,54.92,21.8429377568238,NA
2017,"201784BCPRC_cpal","201784BCPRC_cpal",4,5,"2017-June-23","2018-April-23","Corpoica Palmira",NA,"201784BCPRC_cpal_rep1_CMB8527_8",1,8,1,8,"check"," (Operator: lizbethpino, Time: )","CMB8527","test",3.533333333,-76.3,NA,"Valle","Colombia","Mid-altitude torpics","cpal",NA,39.2533516483516,130,43.04,NA,21.52,NA,NA,1,31,21.03,NA,13,20,2,260,NA,5,3,NA,NA,NA,35,4.17,0.53,NA,14.1666666666667,NA,NA,NA,2,5,70.8333333333335,43.04,16.8946425494505,NA
2017,"201784BCPRC_cpal","201784BCPRC_cpal",4,5,"2017-June-23","2018-April-23","Corpoica Palmira",NA,"201784BCPRC_cpal_rep1_GM3518-66_2",1,2,1,2,"test"," (Operator: lizbethpino, Time: )","GM3518-66","test",3.533333333,-76.3,NA,"Valle","Colombia","Mid-altitude torpics","cpal",NA,35.9400265251989,120,25.8,NA,12.9,NA,NA,1,14,6.23,NA,24,20,1,350,NA,5,3,NA,NA,NA,49,4.24,0.47,NA,20,NA,NA,NA,2,5,100,25.8,9.27252684350132,NA
2017,"201784BCPRC_cpal","201784BCPRC_cpal",4,5,"2017-June-23","2018-April-23","Corpoica Palmira",NA,"201784BCPRC_cpal_rep1_GM3518-68_7",1,7,1,7,"test"," (Operator: lizbethpino, Time: )","GM3518-68","test",3.533333333,-76.3,NA,"Valle","Colombia","Mid-altitude torpics","cpal",NA,33.8879787234042,110,29.6,NA,14.8,NA,NA,2,19,8.56,NA,22,20,2,350,NA,5,3,NA,NA,NA,53,4.18,0.42,NA,20,NA,NA,NA,3,5,100,29.6,10.0308417021276,NA
2017,"201784BCPRC_cpal","201784BCPRC_cpal",4,5,"2017-June-23","2018-April-23","Corpoica Palmira",NA,"201784BCPRC_cpal_rep1_GM3594-70_5",1,5,1,5,"test"," (Operator: lizbethpino, Time: )","GM3594-70","test",3.533333333,-76.3,NA,"Valle","Colombia","Mid-altitude torpics","cpal",NA,36.741027027027,50,24.8,NA,12.4,NA,NA,2,25,10.54,NA,20,20,3,380,NA,5,3,NA,NA,NA,38,4.18,0.48,NA,20,NA,NA,NA,2,5,100,24.8,9.1117747027027,NA
2017,"201784BCPRC_cpal","201784BCPRC_cpal",4,5,"2017-June-23","2018-April-23","Corpoica Palmira",NA,"201784BCPRC_cpal_rep1_GM3650-51_6",1,6,1,6,"test"," (Operator: lizbethpino, Time: )","GM3650-51","test",3.533333333,-76.3,NA,"Valle","Colombia","Mid-altitude torpics","cpal",NA,36.71,130,23.62,NA,11.81,NA,NA,2,21,9.64,NA,22,20,2,320,NA,5,3,NA,NA,NA,37,4.36,0.5,NA,18.3333333333333,NA,NA,NA,2,5,91.6666666666665,23.62,8.670902,NA
2017,"201784BCPRC_cpal","201784BCPRC_cpal",4,5,"2017-June-23","2018-April-23","Corpoica Palmira",NA,"201784BCPRC_cpal_rep1_P13_3",1,3,1,3,"check"," (Operator: lizbethpino, Time: )","P13","test",3.533333333,-76.3,NA,"Valle","Colombia","Mid-altitude torpics","cpal",NA,34.7768156424581,50,41.54,NA,20.77,NA,NA,1,38,18.84,NA,8,20,5,340,NA,5,3,NA,NA,NA,53,4,0.42,NA,16.6666666666667,NA,NA,NA,1,5,83.3333333333335,41.54,14.4462892178771,NA
2017,"201784BCPRC_cpal","201784BCPRC_cpal",4,5,"2017-June-23","2018-April-23","Corpoica Palmira",NA,"201784BCPRC_cpal_rep1_SM3536-44_1",1,1,1,1,"test"," (Operator: lizbethpino, Time: )","SM3536-44","test",3.533333333,-76.3,NA,"Valle","Colombia","Mid-altitude torpics","cpal",NA,33.6996495956873,120,38.8,NA,19.4,NA,NA,1,39,14.1,NA,40,20,1,370,NA,5,3,NA,NA,NA,65,4.12,0.41,NA,20,NA,NA,NA,2,5,100,38.8,13.0754640431267,NA
2017,"201784BCPRC_cpal","201784BCPRC_cpal",4,5,"2017-June-23","2018-April-23","Corpoica Palmira",NA,"201784BCPRC_cpal_rep1_SM3677-74_4",1,4,1,4,"test"," (Operator: lizbethpino, Time: )","SM3677-74","test",3.533333333,-76.3,NA,"Valle","Colombia","Mid-altitude torpics","cpal",NA,38.2251706036745,160,28.2,NA,14.1,NA,NA,1,30,9.13,NA,26,20,1,340,NA,5,3,NA,NA,NA,60,4.34,0.53,NA,20,NA,NA,NA,2,5,100,28.2,10.7794981102362,NA
2017,"201784BCPRC_cpal","201784BCPRC_cpal",4,5,"2017-June-23","2018-April-23","Corpoica Palmira",NA,"201784BCPRC_cpal_rep2_CMB8527_11",2,11,2,6,"check"," (Operator: lizbethpino, Time: )","CMB8527","test",3.533333333,-76.3,NA,"Valle","Colombia","Mid-altitude torpics","cpal",NA,39.7630548302872,140,31.24,NA,15.62,NA,NA,1,33,13.63,NA,10,20,2,240,NA,5,3,NA,NA,NA,46,4.4,0.57,NA,19.1666666666667,NA,NA,NA,2,5,95.8333333333335,31.24,12.4219783289817,NA
2017,"201784BCPRC_cpal","201784BCPRC_cpal",4,5,"2017-June-23","2018-April-23","Corpoica Palmira",NA,"201784BCPRC_cpal_rep2_GM3518-66_10",2,10,2,7,"test"," (Operator: lizbethpino, Time: )","GM3518-66","test",3.533333333,-76.3,NA,"Valle","Colombia","Mid-altitude torpics","cpal",NA,34.5177120822622,100,20.5,NA,10.25,NA,NA,3,18,6.04,NA,18,20,1,300,NA,5,3,NA,NA,NA,41,4.34,0.45,NA,20,NA,NA,NA,2,5,100,20.5,7.07613097686375,NA
2017,"201784BCPRC_cpal","201784BCPRC_cpal",4,5,"2017-June-23","2018-April-23","Corpoica Palmira",NA,"201784BCPRC_cpal_rep2_GM3518-68_9",2,9,2,8,"test"," (Operator: lizbethpino, Time: )","GM3518-68","test",3.533333333,-76.3,NA,"Valle","Colombia","Mid-altitude torpics","cpal",NA,35.1659331476323,120,31.32,NA,15.66,NA,NA,2,35,10.27,NA,32,20,1,380,NA,5,3,NA,NA,NA,62,4.02,0.43,NA,20,NA,NA,NA,3,5,100,31.32,11.0139702618384,NA
2017,"201784BCPRC_cpal","201784BCPRC_cpal",4,5,"2017-June-23","2018-April-23","Corpoica Palmira",NA,"201784BCPRC_cpal_rep2_GM3594-70_15",2,15,2,2,"test"," (Operator: lizbethpino, Time: )","GM3594-70","test",3.533333333,-76.3,NA,"Valle","Colombia","Mid-altitude torpics","cpal",NA,35.0301081081081,40,24.9,NA,12.45,NA,NA,2,25,9.76,NA,14,20,2,320,NA,5,3,NA,NA,NA,43,4.14,0.44,NA,20,NA,NA,NA,2,5,100,24.9,8.72249691891892,NA
2017,"201784BCPRC_cpal","201784BCPRC_cpal",4,5,"2017-June-23","2018-April-23","Corpoica Palmira",NA,"201784BCPRC_cpal_rep2_GM3650-51_12",2,12,2,5,"test"," (Operator: lizbethpino, Time: )","GM3650-51","test",3.533333333,-76.3,NA,"Valle","Colombia","Mid-altitude torpics","cpal",NA,44.5204398826979,120,30.76,NA,15.38,NA,NA,2,28,12.6,NA,15,20,2,310,NA,5,3,NA,NA,NA,46,4.02,0.61,NA,20,NA,NA,NA,2,5,100,30.76,13.6944873079179,NA
2017,"201784BCPRC_cpal","201784BCPRC_cpal",4,5,"2017-June-23","2018-April-23","Corpoica Palmira",NA,"201784BCPRC_cpal_rep2_P13_14",2,14,2,3,"check"," (Operator: lizbethpino, Time: )","P13","test",3.533333333,-76.3,NA,"Valle","Colombia","Mid-altitude torpics","cpal",NA,37.3400817438692,70,41.34,NA,20.67,NA,NA,3,35,19.28,NA,15,20,5,240,NA,5,3,NA,NA,NA,43,4.16,0.49,NA,18.3333333333333,NA,NA,NA,1,5,91.6666666666665,41.34,15.4363897929155,NA
2017,"201784BCPRC_cpal","201784BCPRC_cpal",4,5,"2017-June-23","2018-April-23","Corpoica Palmira",NA,"201784BCPRC_cpal_rep2_SM3536-44_13",2,13,2,4,"test"," (Operator: lizbethpino, Time: )","SM3536-44","test",3.533333333,-76.3,NA,"Valle","Colombia","Mid-altitude torpics","cpal",NA,36.1516085790884,90,38.12,NA,19.06,NA,NA,1,37,16.29,NA,20,20,1,390,NA,5,3,NA,NA,NA,57,4.2,0.47,NA,20,NA,NA,NA,2,5,100,38.12,13.7809931903485,NA
2017,"201784BCPRC_cpal","201784BCPRC_cpal",4,5,"2017-June-23","2018-April-23","Corpoica Palmira",NA,"201784BCPRC_cpal_rep2_SM3677-744_16",2,16,2,1,"test"," (Operator: lizbethpino, Time: )","SM3677-74","test",3.533333333,-76.3,NA,"Valle","Colombia","Mid-altitude torpics","cpal",NA,37.3677540106952,150,54.8,NA,27.4,NA,NA,1,38,20.62,NA,23,20,1,360,NA,5,3,NA,NA,NA,74,4.24,0.5,NA,20,NA,NA,NA,2,5,100,54.8,20.477529197861,NA
2017,"201784BCPRC_cpal","201784BCPRC_cpal",4,5,"2017-June-23","2018-April-23","Corpoica Palmira",NA,"201784BCPRC_cpal_rep3_CMB8527_19",3,19,3,3,"check"," (Operator: lizbethpino, Time: )","CMB8527","test",3.533333333,-76.3,NA,"Valle","Colombia","Mid-altitude torpics","cpal",NA,38.9961256544502,140,45.48,NA,22.74,NA,NA,1,31,21.15,NA,13,20,2,260,NA,5,3,NA,NA,NA,41,4.37,0.55,NA,18.3333333333333,NA,NA,NA,2,5,91.6666666666665,45.48,17.735437947644,NA
2017,"201784BCPRC_cpal","201784BCPRC_cpal",4,5,"2017-June-23","2018-April-23","Corpoica Palmira",NA,"201784BCPRC_cpal_rep3_GM3518-66_24",3,24,3,8,"test"," (Operator: lizbethpino, Time: )","GM3518-66","test",3.533333333,-76.3,NA,"Valle","Colombia","Mid-altitude torpics","cpal",NA,35.21772845953,90,23.15,NA,11.575,NA,NA,2,16,6.135,NA,31,20,1,320,NA,5,3,NA,NA,NA,45,4.29,0.46,NA,19.1666666666667,NA,NA,NA,2,5,95.8333333333335,23.15,8.15290413838119,NA
2017,"201784BCPRC_cpal","201784BCPRC_cpal",4,5,"2017-June-23","2018-April-23","Corpoica Palmira",NA,"201784BCPRC_cpal_rep3_GM3518-68_22",3,22,3,6,"test"," (Operator: lizbethpino, Time: )","GM3518-68","test",3.533333333,-76.3,NA,"Valle","Colombia","Mid-altitude torpics","cpal",NA,34.5121768707482,130,30.46,NA,15.23,NA,NA,1,27,9.415,NA,22,20,1,380,NA,5,3,NA,NA,NA,57.5,4.1,0.425,NA,20,NA,NA,NA,3,5,100,30.46,10.5124090748299,NA
2017,"201784BCPRC_cpal","201784BCPRC_cpal",4,5,"2017-June-23","2018-April-23","Corpoica Palmira",NA,"201784BCPRC_cpal_rep3_GM3594-70_17",3,17,3,1,"test"," (Operator: lizbethpino, Time: )","GM3594-70","test",3.533333333,-76.3,NA,"Valle","Colombia","Mid-altitude torpics","cpal",NA,44.705567867036,60,43.58,NA,21.79,NA,NA,1,33,17.51,NA,28,20,2,340,NA,5,3,NA,NA,NA,56,4.26,0.65,NA,20,NA,NA,NA,2,5,100,43.58,19.4826864764543,NA
2017,"201784BCPRC_cpal","201784BCPRC_cpal",4,5,"2017-June-23","2018-April-23","Corpoica Palmira",NA,"201784BCPRC_cpal_rep3_GM3650-51_23",3,23,3,7,"test"," (Operator: lizbethpino, Time: )","GM3650-51","test",3.533333333,-76.3,NA,"Valle","Colombia","Mid-altitude torpics","cpal",NA,40.3734938101788,110,27.19,NA,13.595,NA,NA,3,24.5,11.12,NA,28,20,2,340,NA,5,3,NA,NA,NA,41.5,4.19,0.555,NA,20,NA,NA,NA,2,5,100,27.19,10.9775529669876,NA
2017,"201784BCPRC_cpal","201784BCPRC_cpal",4,5,"2017-June-23","2018-April-23","Corpoica Palmira",NA,"201784BCPRC_cpal_rep3_P13_20",3,20,3,4,"check"," (Operator: lizbethpino, Time: )","P13","test",3.533333333,-76.3,NA,"Valle","Colombia","Mid-altitude torpics","cpal",NA,29.7751428571429,40,35.82,NA,17.91,NA,NA,1,29,15.99,NA,8,20,5,260,NA,5,3,NA,NA,NA,43,4.56,0.36,NA,20,NA,NA,NA,1,5,100,35.82,10.6654561714286,NA
2017,"201784BCPRC_cpal","201784BCPRC_cpal",4,5,"2017-June-23","2018-April-23","Corpoica Palmira",NA,"201784BCPRC_cpal_rep3_SM3536-44_21",3,21,3,5,"test"," (Operator: lizbethpino, Time: )","SM3536-44","test",3.533333333,-76.3,NA,"Valle","Colombia","Mid-altitude torpics","cpal",NA,35.1506914893617,140,19.62,NA,9.81,NA,NA,1,16,7.44,NA,26,20,1,370,NA,5,3,NA,NA,NA,33,4.21,0.45,NA,20,NA,NA,NA,2,5,100,19.62,6.89656567021277,NA
2017,"201784BCPRC_cpal","201784BCPRC_cpal",4,5,"2017-June-23","2018-April-23","Corpoica Palmira",NA,"201784BCPRC_cpal_rep3_SM3677-74_18",3,18,3,2,"test"," (Operator: lizbethpino, Time: )","SM3677-74","test",3.533333333,-76.3,NA,"Valle","Colombia","Mid-altitude torpics","cpal",NA,35.7215068493151,140,55.5,NA,27.75,NA,NA,1,27,22.73,NA,19,20,1,370,NA,5,3,NA,NA,NA,43,4.1,0.45,NA,20,NA,NA,NA,2,5,100,55.5,19.8254363013699,NA
2018,"201894CQPRC_cpal","201894CQPRC_cpal",4,5,"2018-July-26","2019-June-11","Corpoica Palmira",NA,"201894CQPRC_cpal_rep1_CG1141-1_12",1,12,1,12,"check"," (Operator: lizbethpino, Time: )","CG1141-1_is_Costena","check_released",3.533333333,-76.3,NA,"Valle","Colombia","Mid-altitude torpics","cpal",NA,41.7750769230769,125.8,57.32,NA,28.66,NA,NA,1,40,22.1,6.4,32.2,20,3,311.2,NA,5,3,2,NA,2,72,3.02,0.42,NA,20,1,2,NA,1,5,100,57.32,23.9454740923077,NA
2018,"201894CQPRC_cpal","201894CQPRC_cpal",4,5,"2018-July-26","2019-June-11","Corpoica Palmira",NA,"201894CQPRC_cpal_rep1_CM9456-12_1",1,1,1,1,"test"," (Operator: lizbethpino, Time: )","CM9456-12","test",3.533333333,-76.3,NA,"Valle","Colombia","Mid-altitude torpics","cpal",NA,40.3886111111111,137.4,80.16,NA,40.08,NA,NA,1,54,33.1,8.2,18.4,20,2,232.2,NA,5,3,1,NA,2,95,3.32,0.44,NA,20,1,2,NA,1,5,100,80.16,32.3755106666667,NA
2018,"201894CQPRC_cpal","201894CQPRC_cpal",4,5,"2018-July-26","2019-June-11","Corpoica Palmira",NA,"201894CQPRC_cpal_rep1_CMB8527_2",1,2,1,2,"test"," (Operator: lizbethpino, Time: )","CMB8527","test",3.533333333,-76.3,NA,"Valle","Colombia","Mid-altitude torpics","cpal",NA,41.7750769230769,148.6,57.72,NA,28.86,NA,NA,1,43,22.94,6.8,16.2,20,1,232.2,NA,5,3,1,NA,2,77,3.02,0.42,NA,20,1,2,NA,1,5,100,57.72,24.1125744,NA
2018,"201894CQPRC_cpal","201894CQPRC_cpal",4,5,"2018-July-26","2019-June-11","Corpoica Palmira",NA,"201894CQPRC_cpal_rep1_COL2214_13",1,13,1,13,"check"," (Operator: lizbethpino, Time: )","COL2214","test",3.533333333,-76.3,NA,"Valle","Colombia","Mid-altitude torpics","cpal",NA,38.4653125,105.4,35.96,NA,17.98,NA,NA,1,31,16.62,1.6,31.6,20,3,268,NA,5,3,1,NA,2,39,2.92,0.36,NA,19,1,2,NA,1,5,95,35.96,13.832126375,NA
2018,"201894CQPRC_cpal","201894CQPRC_cpal",4,5,"2018-July-26","2019-June-11","Corpoica Palmira",NA,"201894CQPRC_cpal_rep1_GM1692-56_3",1,3,1,3,"test"," (Operator: lizbethpino, Time: )","GM1692-56","test",3.533333333,-76.3,NA,"Valle","Colombia","Mid-altitude torpics","cpal",NA,41.5799236641221,139.2,51.84,NA,25.92,NA,NA,3,39,21.04,6.8,36,20,1,389.2,NA,5,3,2,NA,2,73,3.04,0.42,NA,20,1,3,NA,1,5,100,51.84,21.5550324274809,NA
2018,"201894CQPRC_cpal","201894CQPRC_cpal",4,5,"2018-July-26","2019-June-11","Corpoica Palmira",NA,"201894CQPRC_cpal_rep1_GM214-62_4",1,4,1,4,"test"," (Operator: lizbethpino, Time: )","GM214-62","test",3.533333333,-76.3,NA,"Valle","Colombia","Mid-altitude torpics","cpal",NA,40.6472058823529,145.8,54,NA,27,NA,NA,2,41,21.26,6.8,34.4,20,2,358.8,NA,5,3,1,NA,2,75,3.14,0.42,NA,20,1,1,NA,1,5,100,54,21.9494911764706,NA
2018,"201894CQPRC_cpal","201894CQPRC_cpal",4,5,"2018-July-26","2019-June-11","Corpoica Palmira",NA,"201894CQPRC_cpal_rep1_GM3790-2_5",1,5,1,5,"test"," (Operator: lizbethpino, Time: )","GM3790-2","test",3.533333333,-76.3,NA,"Valle","Colombia","Mid-altitude torpics","cpal",NA,43.4514754098361,185.6,60.6,NA,30.3,NA,NA,3,31,17.82,11.4,37.2,20,1,359.2,NA,5,3,1,NA,2,88,2.86,0.42,NA,20,1,1,NA,2,5,100,60.6,26.3315940983607,NA
2018,"201894CQPRC_cpal","201894CQPRC_cpal",4,5,"2018-July-26","2019-June-11","Corpoica Palmira",NA,"201894CQPRC_cpal_rep1_P13_14",1,14,1,14,"check"," (Operator: lizbethpino, Time: )","P13","test",3.533333333,-76.3,NA,"Valle","Colombia","Mid-altitude torpics","cpal",NA,35.9925,134.2,NA,NA,52.74,NA,NA,2,66,49.36,3,37.4,20,4,254.2,NA,5,3,1,NA,3,81,3.42,0.38,NA,18,1,4,NA,1,5,90,105.48,NA,NA
2018,"201894CQPRC_cpal","201894CQPRC_cpal",4,5,"2018-July-26","2019-June-11","Corpoica Palmira",NA,"201894CQPRC_cpal_rep1_PER183_6",1,6,1,6,"check"," (Operator: lizbethpino, Time: )","PER183","test",3.533333333,-76.3,NA,"Valle","Colombia","Mid-altitude torpics","cpal",NA,30.9318604651162,94.4,72.56,NA,36.28,NA,NA,3,45,34.68,1.8,30.2,20,3,352,NA,5,3,1,NA,2,54,2.82,0.24,NA,20,1,1,NA,1,5,100,72.56,22.4441579534883,NA
2018,"201894CQPRC_cpal","201894CQPRC_cpal",4,5,"2018-July-26","2019-June-11","Corpoica Palmira",NA,"201894CQPRC_cpal_rep1_SM1127-8_7",1,7,1,7,"test"," (Operator: lizbethpino, Time: )","SM1127-8_is_Cubana","check_released",3.533333333,-76.3,NA,"Valle","Colombia","Mid-altitude torpics","cpal",NA,38.4653125,210.6,46.12,NA,23.06,NA,NA,3,27,17.56,6.4,44.4,20,1,371,NA,5,3,1,NA,2,59,2.92,0.36,NA,20,1,2,NA,1,5,100,46.12,17.740202125,NA
2018,"201894CQPRC_cpal","201894CQPRC_cpal",4,5,"2018-July-26","2019-June-11","Corpoica Palmira",NA,"201894CQPRC_cpal_rep1_SM3106-14_8",1,8,1,8,"test"," (Operator: lizbethpino, Time: )","SM3106-14","test",3.533333333,-76.3,NA,"Valle","Colombia","Mid-altitude torpics","cpal",NA,39.5196124031008,112.8,48.48,NA,24.24,NA,NA,2,31,17.9,6.8,34,20,3,371.2,NA,5,1,2,NA,2,65,2.96,0.38,NA,20,1,2,NA,1,5,100,48.48,19.1591080930233,NA
2018,"201894CQPRC_cpal","201894CQPRC_cpal",4,5,"2018-July-26","2019-June-11","Corpoica Palmira",NA,"201894CQPRC_cpal_rep1_SM3553-27_9",1,9,1,9,"test"," (Operator: lizbethpino, Time: )","SM3553-27","test",3.533333333,-76.3,NA,"Valle","Colombia","Mid-altitude torpics","cpal",NA,40.938125,330.25,76.22,NA,38.11,NA,NA,2,43,33.16,3.8,52.4,20,1,422.6,NA,5,3,1,NA,2,62,2.96,0.4,NA,20,1,2,NA,1,5,100,76.22,31.203038875,NA
2018,"201894CQPRC_cpal","201894CQPRC_cpal",4,5,"2018-July-26","2019-June-11","Corpoica Palmira",NA,"201894CQPRC_cpal_rep1_SM3562-32_10",1,10,1,10,"test"," (Operator: lizbethpino, Time: )","SM3562-32","test",3.533333333,-76.3,NA,"Valle","Colombia","Mid-altitude torpics","cpal",NA,39.949,123.4,47.58,NA,23.79,NA,NA,2,29,17.39,7.2,27.6,20,3,385.4,NA,5,3,1,NA,2,65,3.22,0.42,NA,20,1,1,NA,1,5,100,47.58,19.0077342,NA
2018,"201894CQPRC_cpal","201894CQPRC_cpal",4,5,"2018-July-26","2019-June-11","Corpoica Palmira","Caiseli,Caiselli,CAISELLI","201894CQPRC_cpal_rep1_SMB2446-2_11",1,11,1,11,"check"," (Operator: lizbethpino, Time: )","SMB2446-2_is_Caiseli","check_released",3.533333333,-76.3,NA,"Valle","Colombia","Mid-altitude torpics","cpal",NA,42.5866666666666,203.2,44.96,NA,22.48,NA,NA,1,32,16.08,6.6,34.6,20,2,340,NA,5,3,1,NA,3,65,3.08,0.44,NA,20,1,2,NA,1,5,100,44.96,19.1469653333333,NA
2018,"201894CQPRC_cpal","201894CQPRC_cpal",4,5,"2018-July-26","2019-June-11","Corpoica Palmira",NA,"201894CQPRC_cpal_rep2_CG1141-1_22",2,22,2,7,"check"," (Operator: lizbethpino, Time: )","CG1141-1_is_Costena","check_released",3.533333333,-76.3,NA,"Valle","Colombia","Mid-altitude torpics","cpal",NA,43.8778321678321,110,46.36,NA,23.18,NA,NA,1,29,17.08,6.4,27.4,20,3,314.4,NA,5,3,2,NA,2,61,3.36,0.5,NA,20,1,2,NA,1,5,100,46.36,20.341762993007,NA
2018,"201894CQPRC_cpal","201894CQPRC_cpal",4,5,"2018-July-26","2019-June-11","Corpoica Palmira",NA,"201894CQPRC_cpal_rep2_CM9456-12_19",2,19,2,10,"test"," (Operator: lizbethpino, Time: )","CM9456-12","test",3.533333333,-76.3,NA,"Valle","Colombia","Mid-altitude torpics","cpal",NA,37.6881428571428,119.2,53.28,NA,26.64,NA,NA,1,35,19.46,7.2,15.4,20,3,241.6,NA,5,3,2,NA,2,71,3.18,0.38,NA,20,1,2,NA,1,5,100,53.28,20.0802425142857,NA
2018,"201894CQPRC_cpal","201894CQPRC_cpal",4,5,"2018-July-26","2019-June-11","Corpoica Palmira",NA,"201894CQPRC_cpal_rep2_CMB8527_15",2,15,2,14,"test"," (Operator: lizbethpino, Time: )","CMB8527","test",3.533333333,-76.3,NA,"Valle","Colombia","Mid-altitude torpics","cpal",NA,NA,123.2,30.8,NA,15.4,NA,NA,1,14,7.34,7.2,33.2,20,2,278.8,NA,5,3,1,NA,2,50,3.24,0.76,NA,20,1,2,NA,1,5,100,30.8,NA,NA
2018,"201894CQPRC_cpal","201894CQPRC_cpal",4,5,"2018-July-26","2019-June-11","Corpoica Palmira",NA,"201894CQPRC_cpal_rep2_COL2214_18",2,18,2,11,"check"," (Operator: lizbethpino, Time: )","COL2214","test",3.533333333,-76.3,NA,"Valle","Colombia","Mid-altitude torpics","cpal",NA,38.99944,155.6,67.16,NA,33.58,NA,NA,2,50,28.94,3.8,20,20,3,242,NA,5,3,1,NA,2,69,2.86,0.36,NA,19,1,2,NA,1,5,95,67.16,26.192023904,NA
2018,"201894CQPRC_cpal","201894CQPRC_cpal",4,5,"2018-July-26","2019-June-11","Corpoica Palmira",NA,"201894CQPRC_cpal_rep2_GM1692-56_23",2,23,2,6,"test"," (Operator: lizbethpino, Time: )","GM1692-56","test",3.533333333,-76.3,NA,"Valle","Colombia","Mid-altitude torpics","cpal",NA,44.5081456953642,91.6,64.48,NA,32.24,NA,NA,2,39,24.44,8,32,20,2,340.8,NA,5,3,2,NA,2,79,3.56,0.54,NA,20,1,3,NA,1,5,100,64.48,28.6988523443708,NA
2018,"201894CQPRC_cpal","201894CQPRC_cpal",4,5,"2018-July-26","2019-June-11","Corpoica Palmira",NA,"201894CQPRC_cpal_rep2_GM214-62_17",2,17,2,12,"test"," (Operator: lizbethpino, Time: )","GM214-62","test",3.533333333,-76.3,NA,"Valle","Colombia","Mid-altitude torpics","cpal",NA,42.2763529411765,144.6,57.24,NA,28.62,NA,NA,1,47,24.14,5.6,13.6,20,1,224.6,NA,5,3,2,NA,2,75,1.98,0.28,NA,20,1,1,NA,1,5,100,57.24,24.1989844235294,NA
2018,"201894CQPRC_cpal","201894CQPRC_cpal",4,5,"2018-July-26","2019-June-11","Corpoica Palmira",NA,"201894CQPRC_cpal_rep2_GM3790-2_26",2,26,2,3,"test"," (Operator: lizbethpino, Time: )","GM3790-2","test",3.533333333,-76.3,NA,"Valle","Colombia","Mid-altitude torpics","cpal",NA,42.5866666666666,131,43.32,NA,21.66,NA,NA,1,27,16.32,4.2,31.6,20,1,344.8,NA,5,3,1,NA,2,48,3.36,0.48,NA,20,1,1,NA,2,5,100,43.32,18.448544,NA
2018,"201894CQPRC_cpal","201894CQPRC_cpal",4,5,"2018-July-26","2019-June-11","Corpoica Palmira",NA,"201894CQPRC_cpal_rep2_P13_20",2,20,2,9,"check"," (Operator: lizbethpino, Time: )","P13","test",3.533333333,-76.3,NA,"Valle","Colombia","Mid-altitude torpics","cpal",NA,38.6405511811023,134.2,58.96,NA,29.48,NA,NA,1,41,25.08,5,17,20,4,298.4,NA,5,3,1,NA,3,66,2.9,0.36,NA,20,1,4,NA,1,5,100,58.96,22.7824689763779,NA
2018,"201894CQPRC_cpal","201894CQPRC_cpal",4,5,"2018-July-26","2019-June-11","Corpoica Palmira",NA,"201894CQPRC_cpal_rep2_PER183_28",2,28,2,1,"check"," (Operator: lizbethpino, Time: )","PER183","test",3.533333333,-76.3,NA,"Valle","Colombia","Mid-altitude torpics","cpal",NA,34.2968571428571,117.4,47.08,NA,23.54,NA,NA,1,29,22.22,2.2,27.4,20,3,341.2,NA,5,3,1,NA,2,40,3.12,0.32,NA,20,1,3,NA,1,5,100,47.08,16.1469603428571,NA
2018,"201894CQPRC_cpal","201894CQPRC_cpal",4,5,"2018-July-26","2019-June-11","Corpoica Palmira",NA,"201894CQPRC_cpal_rep2_SM1127-8_16",2,16,2,13,"test"," (Operator: lizbethpino, Time: )","SM1127-8_is_Cubana","check_released",3.533333333,-76.3,NA,"Valle","Colombia","Mid-altitude torpics","cpal",NA,37.3494223826715,176.8,54.92,NA,27.46,NA,NA,1,31,19.18,9.4,33.8,20,1,370.8,NA,5,3,1,NA,3,78,3.14,0.37,NA,20,1,2,NA,1,5,100,54.92,20.5123027725632,NA
2018,"201894CQPRC_cpal","201894CQPRC_cpal",4,5,"2018-July-26","2019-June-11","Corpoica Palmira",NA,"201894CQPRC_cpal_rep2_SM3106-14_24",2,24,2,5,"test"," (Operator: lizbethpino, Time: )","SM3106-14","test",3.533333333,-76.3,NA,"Valle","Colombia","Mid-altitude torpics","cpal",NA,41.3877272727272,116.8,50.2,NA,25.1,NA,NA,1,41,19.36,6.2,31.2,20,2,362.2,NA,5,1,2,NA,2,72,3.06,0.42,NA,20,1,2,NA,1,5,100,50.2,20.7766390909091,NA
2018,"201894CQPRC_cpal","201894CQPRC_cpal",4,5,"2018-July-26","2019-June-11","Corpoica Palmira",NA,"201894CQPRC_cpal_rep2_SM3553-27_21",2,21,2,8,"test"," (Operator: lizbethpino, Time: )","SM3553-27","test",3.533333333,-76.3,NA,"Valle","Colombia","Mid-altitude torpics","cpal",NA,42.5866666666666,224.75,59.6,NA,29.8,NA,NA,1,36,25.98,3,28.25,20,1,352.25,NA,4,3,1,NA,3,48,3.08,0.44,NA,20,1,2,NA,1,5,100,59.6,25.3816533333333,NA
2018,"201894CQPRC_cpal","201894CQPRC_cpal",4,5,"2018-July-26","2019-June-11","Corpoica Palmira",NA,"201894CQPRC_cpal_rep2_SM3562-32_25",2,25,2,4,"test"," (Operator: lizbethpino, Time: )","SM3562-32","test",3.533333333,-76.3,NA,"Valle","Colombia","Mid-altitude torpics","cpal",NA,42.2253424657534,151.8,55.48,NA,27.74,NA,NA,1,40,22.4,5.2,30.4,20,3,306.4,NA,5,3,1,NA,2,66,3.4,0.48,NA,20,1,1,NA,1,5,100,55.48,23.42662,NA
2018,"201894CQPRC_cpal","201894CQPRC_cpal",4,5,"2018-July-26","2019-June-11","Corpoica Palmira","Caiseli,Caiselli,CAISELLI","201894CQPRC_cpal_rep2_SMB2446-2_27",2,27,2,2,"check"," (Operator: lizbethpino, Time: )","SMB2446-2_is_Caiseli","check_released",3.533333333,-76.3,NA,"Valle","Colombia","Mid-altitude torpics","cpal",NA,41.7358064516129,168,76.68,NA,38.34,NA,NA,1,28,14.32,6.8,44.4,20,2,336.4,NA,5,3,1,NA,2,62,2.88,0.4,NA,20,1,2,NA,1,5,100,76.68,32.0030163870968,NA
2018,"201894CQPRC_cpal","201894CQPRC_cpal",4,5,"2018-July-26","2019-June-11","Corpoica Palmira",NA,"201894CQPRC_cpal_rep3_CG1141-1_32",3,32,3,4,"check"," (Operator: lizbethpino, Time: )","CG1141-1_is_Costena","check_released",3.533333333,-76.3,NA,"Valle","Colombia","Mid-altitude torpics","cpal",NA,42.0005185185185,113,50.56,NA,25.28,NA,NA,1,41,19.34,5.6,28.8,20,3,324.4,NA,5,3,2,NA,2,69,3.14,0.44,NA,20,1,2,NA,1,5,100,50.56,21.235462162963,NA
2018,"201894CQPRC_cpal","201894CQPRC_cpal",4,5,"2018-July-26","2019-June-11","Corpoica Palmira",NA,"201894CQPRC_cpal_rep3_CM9456-12_40",3,40,3,12,"test"," (Operator: lizbethpino, Time: )","CM9456-12","test",3.533333333,-76.3,NA,"Valle","Colombia","Mid-altitude torpics","cpal",NA,39.6146478873239,139,49.36,NA,24.68,NA,NA,1,36,20.02,4.8,21.4,20,2,264.6,NA,5,3,1,NA,2,60,3.26,0.42,NA,20,1,2,NA,1,5,100,49.36,19.5537901971831,NA
2018,"201894CQPRC_cpal","201894CQPRC_cpal",4,5,"2018-July-26","2019-June-11","Corpoica Palmira",NA,"201894CQPRC_cpal_rep3_CMB8527_37",3,37,3,9,"test"," (Operator: lizbethpino, Time: )","CMB8527","test",3.533333333,-76.3,NA,"Valle","Colombia","Mid-altitude torpics","cpal",NA,41.4398550724638,145.8,28.04,NA,14.02,NA,NA,1,13,5.72,5.8,29.8,20,2,316.8,NA,5,3,1,NA,2,42,3.2,0.44,NA,20,1,2,NA,1,5,100,28.04,11.6197353623188,NA
2018,"201894CQPRC_cpal","201894CQPRC_cpal",4,5,"2018-July-26","2019-June-11","Corpoica Palmira",NA,"201894CQPRC_cpal_rep3_COL2214_30",3,30,3,2,"check"," (Operator: lizbethpino, Time: )","COL2214","test",3.533333333,-76.3,NA,"Valle","Colombia","Mid-altitude torpics","cpal",NA,37.1561764705882,103.4,47,NA,23.5,NA,NA,2,38,20.56,3.6,23,20,3,286.8,NA,5,3,1,NA,2,56,3.08,0.36,NA,19,1,2,NA,1,5,95,47,17.4634029411765,NA
2018,"201894CQPRC_cpal","201894CQPRC_cpal",4,5,"2018-July-26","2019-June-11","Corpoica Palmira",NA,"201894CQPRC_cpal_rep3_GM1692-56_36",3,36,3,8,"test"," (Operator: lizbethpino, Time: )","GM1692-56","test",3.533333333,-76.3,NA,"Valle","Colombia","Mid-altitude torpics","cpal",NA,42.7711188811189,161.2,32.76,NA,16.38,NA,NA,2,26,12.28,5,42.2,20,2,401.8,NA,5,3,2,NA,2,51,3.34,0.48,NA,20,1,3,NA,1,5,100,32.76,14.0118185454546,NA
2018,"201894CQPRC_cpal","201894CQPRC_cpal",4,5,"2018-July-26","2019-June-11","Corpoica Palmira",NA,"201894CQPRC_cpal_rep3_GM214-62_42",3,42,3,14,"test"," (Operator: lizbethpino, Time: )","GM214-62","test",3.533333333,-76.3,NA,"Valle","Colombia","Mid-altitude torpics","cpal",NA,39.6559259259259,142.6,56.8,NA,28.4,NA,NA,1,37,26.36,2.8,40.4,20,1,353.4,NA,5,3,1,NA,2,51,3.1,0.4,NA,20,1,1,NA,1,5,100,56.8,22.5245659259259,NA
2018,"201894CQPRC_cpal","201894CQPRC_cpal",4,5,"2018-July-26","2019-June-11","Corpoica Palmira",NA,"201894CQPRC_cpal_rep3_GM3790-2_29",3,29,3,1,"test"," (Operator: lizbethpino, Time: )","GM3790-2","test",3.533333333,-76.3,NA,"Valle","Colombia","Mid-altitude torpics","cpal",NA,41.843661971831,168.6,74.32,NA,37.16,NA,NA,1,44,28.84,7.2,28,20,1,308.2,NA,5,3,1,NA,3,80,3.3,0.46,NA,20,1,1,NA,2,5,100,74.32,31.0982095774648,NA
2018,"201894CQPRC_cpal","201894CQPRC_cpal",4,5,"2018-July-26","2019-June-11","Corpoica Palmira",NA,"201894CQPRC_cpal_rep3_P13_34",3,34,3,6,"check"," (Operator: lizbethpino, Time: )","P13","test",3.533333333,-76.3,NA,"Valle","Colombia","Mid-altitude torpics","cpal",NA,37.2753242320819,94.6,41.2,NA,20.6,NA,NA,2,28,14.12,7.8,17.8,20,4,299,NA,5,3,1,NA,2,67,3.32,0.39,NA,19,1,4,NA,1,5,95,41.2,15.3574335836177,NA
2018,"201894CQPRC_cpal","201894CQPRC_cpal",4,5,"2018-July-26","2019-June-11","Corpoica Palmira",NA,"201894CQPRC_cpal_rep3_PER183_39",3,39,3,11,"check"," (Operator: lizbethpino, Time: )","PER183","test",3.533333333,-76.3,NA,"Valle","Colombia","Mid-altitude torpics","cpal",NA,31.5963888888889,104.6,53.16,NA,26.58,NA,NA,1,27,25.16,1.8,33,20,3,355.2,NA,5,3,1,NA,3,36,3.16,0.28,NA,20,1,3,NA,1,5,100,53.16,16.7966403333333,NA
2018,"201894CQPRC_cpal","201894CQPRC_cpal",4,5,"2018-July-26","2019-June-11","Corpoica Palmira",NA,"201894CQPRC_cpal_rep3_SM1127-8_31",3,31,3,3,"test"," (Operator: lizbethpino, Time: )","SM1127-8_is_Cubana","check_released",3.533333333,-76.3,NA,"Valle","Colombia","Mid-altitude torpics","cpal",NA,39.830895522388,137,56,NA,28,NA,NA,1,28,19.9,7,33.2,20,1,344.8,NA,5,3,1,NA,3,63,3.08,0.4,NA,20,1,2,NA,1,5,100,56,22.3053014925373,NA
2018,"201894CQPRC_cpal","201894CQPRC_cpal",4,5,"2018-July-26","2019-June-11","Corpoica Palmira",NA,"201894CQPRC_cpal_rep3_SM3106-14_41",3,41,3,13,"test"," (Operator: lizbethpino, Time: )","SM3106-14","test",3.533333333,-76.3,NA,"Valle","Colombia","Mid-altitude torpics","cpal",NA,38.8185714285714,114.2,61.72,NA,30.86,NA,NA,1,45,26.72,4.2,36.8,20,2,354.8,NA,5,1,2,NA,3,66,3.52,0.44,NA,20,1,2,NA,1,5,100,61.72,23.9588222857143,NA
2018,"201894CQPRC_cpal","201894CQPRC_cpal",4,5,"2018-July-26","2019-June-11","Corpoica Palmira",NA,"201894CQPRC_cpal_rep3_SM3553-27_35",3,35,3,7,"test"," (Operator: lizbethpino, Time: )","SM3553-27","test",3.533333333,-76.3,NA,"Valle","Colombia","Mid-altitude torpics","cpal",NA,NA,218.6,63.88,NA,31.94,NA,NA,1,40,30.14,2,32.6,20,1,388,NA,5,3,1,NA,3,50,3.58,0.56,NA,20,1,2,NA,1,5,100,63.88,NA,NA
2018,"201894CQPRC_cpal","201894CQPRC_cpal",4,5,"2018-July-26","2019-June-11","Corpoica Palmira",NA,"201894CQPRC_cpal_rep3_SM3562-32_33",3,33,3,5,"test"," (Operator: lizbethpino, Time: )","SM3562-32","test",3.533333333,-76.3,NA,"Valle","Colombia","Mid-altitude torpics","cpal",NA,42.0483673469388,105.6,53.6,NA,26.8,NA,NA,1,36,25.16,2.6,32.4,20,3,331.8,NA,5,3,1,NA,2,49,3.42,0.48,NA,20,1,1,NA,1,5,100,53.6,22.5379248979592,NA
2018,"201894CQPRC_cpal","201894CQPRC_cpal",4,5,"2018-July-26","2019-June-11","Corpoica Palmira","Caiseli,Caiselli,CAISELLI","201894CQPRC_cpal_rep3_SMB2446-2_38",3,38,3,10,"check"," (Operator: lizbethpino, Time: )","SMB2446-2_is_Caiseli","check_released",3.533333333,-76.3,NA,"Valle","Colombia","Mid-altitude torpics","cpal",NA,43.9343795620438,155.2,37,NA,18.5,NA,NA,1,21,11.46,6.2,37.6,20,2,347,NA,5,3,1,NA,3,52,3.22,0.48,NA,20,1,2,NA,1,5,100,37,16.2557204379562,NA
2018,"201895BCPRC_cpal","201895BCPRC_cpal",4,5,"2018-July-26","2019-June-11","Corpoica Palmira",NA,"201895BCPRC_cpal_rep1_CMB8527_11",1,11,1,11,"check"," (Operator: lizbethpino, Time: )","CMB8527","test",3.533333333,-76.3,NA,"Valle","Colombia","Mid-altitude torpics","cpal",NA,43.0337288135593,127.2,56.56,NA,28.28,NA,NA,1,35,22.74,4.2,16.4,20,2,248.6,NA,5,3,1,NA,2,56,4.14,0.6,NA,20,1,2,NA,1,5,100,56.56,24.3398770169491,NA
2018,"201895BCPRC_cpal","201895BCPRC_cpal",4,5,"2018-July-26","2019-June-11","Corpoica Palmira",NA,"201895BCPRC_cpal_rep1_GM1556-4_1",1,1,1,1,"test"," (Operator: lizbethpino, Time: )","GM1556-4","test",3.533333333,-76.3,NA,"Valle","Colombia","Mid-altitude torpics","cpal",NA,31.4498518518518,135.25,19.52,NA,9.76,NA,NA,2,5,2.22,15.25,44.5,20,1,379.25,NA,4,3,2,NA,1,66,2.96,0.26,NA,20,1,4,NA,3,5,100,19.52,6.13901108148147,NA
2018,"201895BCPRC_cpal","201895BCPRC_cpal",4,5,"2018-July-26","2019-June-11","Corpoica Palmira",NA,"201895BCPRC_cpal_rep1_GM3518-42_2",1,2,1,2,"test"," (Operator: lizbethpino, Time: )","GM3518-42","test",3.533333333,-76.3,NA,"Valle","Colombia","Mid-altitude torpics","cpal",NA,31.8130985915493,110,24.64,NA,12.32,NA,NA,2,15,7.28,7,35,20,1,367.8,NA,5,3,1,NA,2,50,3.12,0.28,NA,20,1,2,NA,4,5,100,24.64,7.83874749295775,NA
2018,"201895BCPRC_cpal","201895BCPRC_cpal",4,5,"2018-July-26","2019-June-11","Corpoica Palmira",NA,"201895BCPRC_cpal_rep1_GM3518-66_3",1,3,1,3,"test"," (Operator: lizbethpino, Time: )","GM3518-66","test",3.533333333,-76.3,NA,"Valle","Colombia","Mid-altitude torpics","cpal",NA,NA,109.6,27.08,NA,13.54,NA,NA,3,17,5.96,10.8,29.2,20,2,337.4,NA,5,3,1,NA,3,71,3.22,0.62,NA,20,2,2,NA,4,5,100,27.08,NA,NA
2018,"201895BCPRC_cpal","201895BCPRC_cpal",4,5,"2018-July-26","2019-June-11","Corpoica Palmira",NA,"201895BCPRC_cpal_rep1_GM3518-68_4",1,4,1,4,"test"," (Operator: lizbethpino, Time: )","GM3518-68","test",3.533333333,-76.3,NA,"Valle","Colombia","Mid-altitude torpics","cpal",NA,NA,176.2,41.8,NA,20.9,NA,NA,2,32,17.2,4.8,54.6,20,2,435.6,NA,5,3,1,NA,2,56,3.44,0.54,NA,20,2,2,NA,4,5,100,41.8,NA,NA
2018,"201895BCPRC_cpal","201895BCPRC_cpal",4,5,"2018-July-26","2019-June-11","Corpoica Palmira",NA,"201895BCPRC_cpal_rep1_GM3594-70_5",1,5,1,5,"test"," (Operator: lizbethpino, Time: )","GM3594-70","test",3.533333333,-76.3,NA,"Valle","Colombia","Mid-altitude torpics","cpal",NA,36.7041007194244,142.6,31.6,NA,15.8,NA,NA,2,24,11.9,3.2,35.6,20,2,347.8,NA,5,3,1,NA,2,40,3.14,0.36,NA,20,1,2,NA,3,5,100,31.6,11.5984958273381,NA
2018,"201895BCPRC_cpal","201895BCPRC_cpal",4,5,"2018-July-26","2019-June-11","Corpoica Palmira",NA,"201895BCPRC_cpal_rep1_GM3650-51_6",1,6,1,6,"test"," (Operator: lizbethpino, Time: )","GM3650-51","test",3.533333333,-76.3,NA,"Valle","Colombia","Mid-altitude torpics","cpal",NA,35.1566197183098,168.2,46.48,NA,23.24,NA,NA,1,38,21.22,2.4,38.4,20,1,370.4,NA,5,3,2,NA,2,50,3.18,0.34,NA,17,2,2,NA,4,5,85,46.48,16.3407968450704,NA
2018,"201895BCPRC_cpal","201895BCPRC_cpal",4,5,"2018-July-26","2019-June-11","Corpoica Palmira",NA,"201895BCPRC_cpal_rep1_P13_10",1,10,1,10,"check"," (Operator: lizbethpino, Time: )","P13","test",3.533333333,-76.3,NA,"Valle","Colombia","Mid-altitude torpics","cpal",NA,NA,107.2,NA,NA,44.743,NA,NA,2,46,35.103,7.6,38,20,5,297.8,NA,5,3,1,NA,3,84,3.84,0.72,NA,17,1,4,NA,1,5,85,89.486,NA,NA
2018,"201895BCPRC_cpal","201895BCPRC_cpal",4,5,"2018-July-26","2019-June-11","Corpoica Palmira",NA,"201895BCPRC_cpal_rep1_SM3536-44_7",1,7,1,7,"test"," (Operator: lizbethpino, Time: )","SM3536-44","test",3.533333333,-76.3,NA,"Valle","Colombia","Mid-altitude torpics","cpal",NA,NA,154.8,45.24,NA,22.62,NA,NA,3,34,17.54,5.8,36.8,20,2,358.8,NA,5,3,1,NA,2,63,3.82,0.66,NA,20,1,2,NA,4,5,100,45.24,NA,NA
2018,"201895BCPRC_cpal","201895BCPRC_cpal",4,5,"2018-July-26","2019-June-11","Corpoica Palmira",NA,"201895BCPRC_cpal_rep1_SM3677-74_8",1,8,1,8,"test"," (Operator: lizbethpino, Time: )","SM3677-74","test",3.533333333,-76.3,NA,"Valle","Colombia","Mid-altitude torpics","cpal",NA,36.5577142857143,166,55.76,NA,27.88,NA,NA,2,28,16.04,11,32.6,20,1,398.8,NA,5,3,2,NA,3,83,3.16,0.36,NA,20,1,4,NA,3,5,100,55.76,20.3845814857143,NA
2018,"201895BCPRC_cpal","201895BCPRC_cpal",4,5,"2018-July-26","2019-June-11","Corpoica Palmira",NA,"201895BCPRC_cpal_rep1_SM3762-15_9",1,9,1,9,"test"," (Operator: lizbethpino, Time: )","SM3762-15","test",3.533333333,-76.3,NA,"Valle","Colombia","Mid-altitude torpics","cpal",NA,NA,154.5,40.64,NA,20.32,NA,NA,1,32,15.04,7.5,46,20,1,369,NA,4,3,1,NA,3,62,3.44,0.58,NA,20,1,4,NA,3,5,100,40.64,NA,NA
2018,"201895BCPRC_cpal","201895BCPRC_cpal",4,5,"2018-July-26","2019-June-11","Corpoica Palmira",NA,"201895BCPRC_cpal_rep2_CMB8527_16",2,16,2,7,"check"," (Operator: lizbethpino, Time: )","CMB8527","test",3.533333333,-76.3,NA,"Valle","Colombia","Mid-altitude torpics","cpal",NA,41.258345323741,191.6,41.44,NA,20.72,NA,NA,1,24,14.68,5.2,25.8,20,1,297.2,NA,5,3,1,NA,2,50,3.22,0.44,NA,20,1,2,NA,1,5,100,41.44,17.0974583021583,NA
2018,"201895BCPRC_cpal","201895BCPRC_cpal",4,5,"2018-July-26","2019-June-11","Corpoica Palmira",NA,"201895BCPRC_cpal_rep2_GM1556-4_15",2,15,2,8,"test"," (Operator: lizbethpino, Time: )","GM1556-4","test",3.533333333,-76.3,NA,"Valle","Colombia","Mid-altitude torpics","cpal",NA,33.9101315789473,185,30.2,NA,15.1,NA,NA,1,11,5.64,11.4,55.6,20,1,397.6,NA,5,3,2,NA,2,68,3.38,0.34,NA,20,1,4,NA,3,5,100,30.2,10.2408597368421,NA
2018,"201895BCPRC_cpal","201895BCPRC_cpal",4,5,"2018-July-26","2019-June-11","Corpoica Palmira",NA,"201895BCPRC_cpal_rep2_GM3518-42_12",2,12,2,11,"test"," (Operator: lizbethpino, Time: )","GM3518-42","test",3.533333333,-76.3,NA,"Valle","Colombia","Mid-altitude torpics","cpal",NA,35.9925,115,45.16,NA,22.58,NA,NA,2,20,14,11.2,33,20,2,328,NA,5,3,1,NA,2,76,3.24,0.36,NA,20,1,2,NA,4,5,100,45.16,16.254213,NA
2018,"201895BCPRC_cpal","201895BCPRC_cpal",4,5,"2018-July-26","2019-June-11","Corpoica Palmira",NA,"201895BCPRC_cpal_rep2_GM3518-66_18",2,18,2,5,"test"," (Operator: lizbethpino, Time: )","GM3518-66","test",3.533333333,-76.3,NA,"Valle","Colombia","Mid-altitude torpics","cpal",NA,31.3479130434783,99.2,35.96,NA,17.98,NA,NA,3,19,9.8,9.8,58.4,20,2,402.8,NA,5,3,1,NA,3,68,2.52,0.22,NA,20,2,2,NA,4,5,100,35.96,11.2727095304348,NA
2018,"201895BCPRC_cpal","201895BCPRC_cpal",4,5,"2018-July-26","2019-June-11","Corpoica Palmira",NA,"201895BCPRC_cpal_rep2_GM3518-68_13",2,13,2,10,"test"," (Operator: lizbethpino, Time: )","GM3518-68","test",3.533333333,-76.3,NA,"Valle","Colombia","Mid-altitude torpics","cpal",NA,32.5014705882353,127.2,47.32,NA,23.66,NA,NA,1,24,14.42,7.6,54,20,2,404.4,NA,5,3,1,NA,2,62,3,0.28,NA,20,1,2,NA,4,5,100,47.32,15.3796958823529,NA
2018,"201895BCPRC_cpal","201895BCPRC_cpal",4,5,"2018-July-26","2019-June-11","Corpoica Palmira",NA,"201895BCPRC_cpal_rep2_GM3594-70_20",2,20,2,3,"test"," (Operator: lizbethpino, Time: )","GM3594-70","test",3.533333333,-76.3,NA,"Valle","Colombia","Mid-altitude torpics","cpal",NA,39.1304137931034,98.8,54.68,NA,27.34,NA,NA,2,30,23.06,3.8,41.4,20,2,360.6,NA,5,3,1,NA,2,49,3.32,0.42,NA,20,1,2,NA,3,5,100,54.68,21.3965102620689,NA
2018,"201895BCPRC_cpal","201895BCPRC_cpal",4,5,"2018-July-26","2019-June-11","Corpoica Palmira",NA,"201895BCPRC_cpal_rep2_GM3650-51_22",2,22,2,1,"test"," (Operator: lizbethpino, Time: )","GM3650-51","test",3.533333333,-76.3,NA,"Valle","Colombia","Mid-altitude torpics","cpal",NA,34.1685815602837,133.6,58.52,NA,29.26,NA,NA,1,31,24.18,4,51.8,20,1,335.4,NA,5,3,2,NA,3,51,3.14,0.32,NA,15,2,2,NA,4,5,75,58.52,19.995453929078,NA
2018,"201895BCPRC_cpal","201895BCPRC_cpal",4,5,"2018-July-26","2019-June-11","Corpoica Palmira",NA,"201895BCPRC_cpal_rep2_P13_14",2,14,2,9,"check"," (Operator: lizbethpino, Time: )","P13","test",3.533333333,-76.3,NA,"Valle","Colombia","Mid-altitude torpics","cpal",NA,34.5121768707482,70.8,34.32,NA,17.16,NA,NA,2,17,10.88,6.4,20.8,20,5,261.6,NA,5,3,2,NA,3,49,3.28,0.34,NA,20,1,4,NA,1,5,100,34.32,11.8445791020408,NA
2018,"201895BCPRC_cpal","201895BCPRC_cpal",4,5,"2018-July-26","2019-June-11","Corpoica Palmira",NA,"201895BCPRC_cpal_rep2_SM3536-44_17",2,17,2,6,"test"," (Operator: lizbethpino, Time: )","SM3536-44","test",3.533333333,-76.3,NA,"Valle","Colombia","Mid-altitude torpics","cpal",NA,37.0915277777777,107.6,42.04,NA,21.02,NA,NA,2,26,13.42,7.6,34.8,20,2,399.2,NA,5,3,1,NA,2,64,3.26,0.38,NA,19,1,2,NA,4,5,95,42.04,15.5932782777777,NA
2018,"201895BCPRC_cpal","201895BCPRC_cpal",4,5,"2018-July-26","2019-June-11","Corpoica Palmira",NA,"201895BCPRC_cpal_rep2_SM3677-74_19",2,19,2,4,"test"," (Operator: lizbethpino, Time: )","SM3677-74","test",3.533333333,-76.3,NA,"Valle","Colombia","Mid-altitude torpics","cpal",NA,38.6582269503546,157.8,56.88,NA,28.44,NA,NA,1,37,19.68,8.6,40.8,20,1,365.2,NA,5,3,2,NA,2,80,3.22,0.4,NA,20,1,4,NA,3,5,100,56.88,21.9887994893617,NA
2018,"201895BCPRC_cpal","201895BCPRC_cpal",4,5,"2018-July-26","2019-June-11","Corpoica Palmira",NA,"201895BCPRC_cpal_rep2_SM3762-15_21",2,21,2,2,"test"," (Operator: lizbethpino, Time: )","SM3762-15","test",3.533333333,-76.3,NA,"Valle","Colombia","Mid-altitude torpics","cpal",NA,35.8391472868217,163.4,46.8,NA,23.4,NA,NA,1,33,15.48,7.4,30.8,20,1,348.2,NA,5,3,1,NA,2,70,2.9,0.32,NA,20,2,4,NA,3,5,100,46.8,16.7727209302326,NA
2018,"201895BCPRC_cpal","201895BCPRC_cpal",4,5,"2018-July-26","2019-June-11","Corpoica Palmira",NA,"201895BCPRC_cpal_rep3_CMB8527_26",3,26,3,4,"check"," (Operator: lizbethpino, Time: )","CMB8527","test",3.533333333,-76.3,NA,"Valle","Colombia","Mid-altitude torpics","cpal",NA,37.9556488549618,127.2,19.16,NA,9.58,NA,NA,1,12,5.06,6.8,26.6,20,1,207.4,NA,5,3,1,NA,2,46,2.98,0.36,NA,20,1,2,NA,1,5,100,19.16,7.27230232061068,NA
2018,"201895BCPRC_cpal","201895BCPRC_cpal",4,5,"2018-July-26","2019-June-11","Corpoica Palmira",NA,"201895BCPRC_cpal_rep3_GM1556-4_32",3,32,3,10,"test"," (Operator: lizbethpino, Time: )","GM1556-4","test",3.533333333,-76.3,NA,"Valle","Colombia","Mid-altitude torpics","cpal",NA,33.0461702127659,164.8,23.76,NA,11.88,NA,NA,2,8,4.2,9.6,54.2,20,2,448,NA,5,3,1,NA,2,56,3.12,0.3,NA,20,3,4,NA,3,5,100,23.76,7.85177004255318,NA
2018,"201895BCPRC_cpal","201895BCPRC_cpal",4,5,"2018-July-26","2019-June-11","Corpoica Palmira",NA,"201895BCPRC_cpal_rep3_GM3518-42_29",3,29,3,7,"test"," (Operator: lizbethpino, Time: )","GM3518-42","test",3.533333333,-76.3,NA,"Valle","Colombia","Mid-altitude torpics","cpal",NA,32.7156441717791,108.6,40.88,NA,20.44,NA,NA,2,26,14.3,8,26,20,2,330.6,NA,5,3,1,NA,2,66,3.6,0.34,NA,20,1,2,NA,4,5,100,40.88,13.3741553374233,NA
2018,"201895BCPRC_cpal","201895BCPRC_cpal",4,5,"2018-July-26","2019-June-11","Corpoica Palmira",NA,"201895BCPRC_cpal_rep3_GM3518-66_28",3,28,3,6,"test"," (Operator: lizbethpino, Time: )","GM3518-66","test",3.533333333,-76.3,NA,"Valle","Colombia","Mid-altitude torpics","cpal",NA,29.5840845070423,128.8,27.56,NA,13.78,NA,NA,2,21,7.36,10,25.6,20,2,390.64,NA,5,3,1,NA,2,71,3.08,0.24,NA,20,2,2,NA,4,5,100,27.56,8.15337369014086,NA
2018,"201895BCPRC_cpal","201895BCPRC_cpal",4,5,"2018-July-26","2019-June-11","Corpoica Palmira",NA,"201895BCPRC_cpal_rep3_GM3518-68_33",3,33,3,11,"test"," (Operator: lizbethpino, Time: )","GM3518-68","test",3.533333333,-76.3,NA,"Valle","Colombia","Mid-altitude torpics","cpal",NA,33.456282051282,155.4,56.4,NA,28.2,NA,NA,1,24,17.02,7.2,53,20,2,405.2,NA,5,3,1,NA,2,60,3.46,0.34,NA,20,1,2,NA,4,5,100,56.4,18.869343076923,NA
2018,"201895BCPRC_cpal","201895BCPRC_cpal",4,5,"2018-July-26","2019-June-11","Corpoica Palmira",NA,"201895BCPRC_cpal_rep3_GM3594-70_23",3,23,3,1,"test"," (Operator: lizbethpino, Time: )","GM3594-70","test",3.533333333,-76.3,NA,"Valle","Colombia","Mid-altitude torpics","cpal",NA,42.2098571428571,114.2,42.48,NA,21.24,NA,NA,1,25,15.02,5.6,23.8,20,2,337.4,NA,5,3,1,NA,3,53,3.26,0.46,NA,20,2,2,NA,3,5,100,42.48,17.9307473142857,NA
2018,"201895BCPRC_cpal","201895BCPRC_cpal",4,5,"2018-July-26","2019-June-11","Corpoica Palmira",NA,"201895BCPRC_cpal_rep3_GM3650-51_31",3,31,3,9,"test"," (Operator: lizbethpino, Time: )","GM3650-51","test",3.533333333,-76.3,NA,"Valle","Colombia","Mid-altitude torpics","cpal",NA,31.2273722627737,142.8,49.28,NA,24.64,NA,NA,1,27,19.56,5.8,39.8,20,1,357.6,NA,5,3,1,NA,3,56,3,0.26,NA,17,2,2,NA,4,5,85,49.28,15.3888490510949,NA
2018,"201895BCPRC_cpal","201895BCPRC_cpal",4,5,"2018-July-26","2019-June-11","Corpoica Palmira",NA,"201895BCPRC_cpal_rep3_P13_24",3,24,3,2,"check"," (Operator: lizbethpino, Time: )","P13","test",3.533333333,-76.3,NA,"Valle","Colombia","Mid-altitude torpics","cpal",NA,37.2445569620253,90.6,47.6,NA,23.8,NA,NA,2,27,16.2,5.4,21.6,20,5,281.8,NA,5,3,1,NA,2,54,3.58,0.42,NA,20,1,4,NA,1,5,100,47.6,17.728409113924,NA
2018,"201895BCPRC_cpal","201895BCPRC_cpal",4,5,"2018-July-26","2019-June-11","Corpoica Palmira",NA,"201895BCPRC_cpal_rep3_SM3536-44_27",3,27,3,5,"test"," (Operator: lizbethpino, Time: )","SM3536-44","test",3.533333333,-76.3,NA,"Valle","Colombia","Mid-altitude torpics","cpal",NA,38.0833333333333,151.4,44.48,NA,22.24,NA,NA,1,24,13.34,8.4,33.4,20,2,357.4,NA,5,3,1,NA,2,66,2.8,0.34,NA,20,3,2,NA,4,5,100,44.48,16.9394666666667,NA
2018,"201895BCPRC_cpal","201895BCPRC_cpal",4,5,"2018-July-26","2019-June-11","Corpoica Palmira",NA,"201895BCPRC_cpal_rep3_SM3677-74_25",3,25,3,3,"test"," (Operator: lizbethpino, Time: )","SM3677-74","test",3.533333333,-76.3,NA,"Valle","Colombia","Mid-altitude torpics","cpal",NA,33.7944444444444,150.5,17.04,NA,8.52,NA,NA,2,10,5.24,7.5,27.5,20,1,362.5,NA,2,3,1,NA,2,25,3.1,0.31,NA,20,2,4,NA,3,5,100,17.04,5.75857333333333,NA
2018,"201895BCPRC_cpal","201895BCPRC_cpal",4,5,"2018-July-26","2019-June-11","Corpoica Palmira",NA,"201895BCPRC_cpal_rep3_SM3762-15_30",3,30,3,8,"test"," (Operator: lizbethpino, Time: )","SM3762-15","test",3.533333333,-76.3,NA,"Valle","Colombia","Mid-altitude torpics","cpal",NA,35.0754304635761,150.6,50.36,NA,25.18,NA,NA,1,33,17.66,7,35.4,20,1,342.2,NA,5,3,1,NA,3,68,3.38,0.36,NA,20,2,4,NA,3,5,100,50.36,17.6639867814569,NA
